billing_npi,state,specialty,paid_2023,paid_2024,growth,peers,z_growth
1699327726,TX,Other,0.01,220.56,22055.0,4578,67.5092339988671
1457829731,CA,Other,143.26999999999998,492603.04999999993,3437.284707196203,5587,64.06390975999751
1306929013,NY,Other,319.0,594065.14,1861.2731661442006,6425,55.39003577680734
1598296477,NY,Other,1.32,2447.7799999999997,1853.3787878787875,6425,55.15492582230067
1437873957,FL,Other,14.06,79731.41,5669.7972972972975,2796,51.40253474028864
1144481748,NY,Internal Medicine,1.24,859.66,692.2741935483871,3262,49.56379780579234
1033726815,MI,Other,0.02,7074.88,353743.0,1820,42.637971103625354
1942990015,IL,Family NP,219.42000000000002,203400.55,925.9918421292497,1622,38.23530981462923
1497960066,CA,Dentist,206.25,213552.20999999996,1034.4046545454544,1476,36.05340099502951
1770528648,MD,Other,2.12,11578.99,5460.787735849056,1303,36.00025586199183
1437194503,PA,Other,12.3,51789.18,4209.50243902439,2694,35.813708136042365
1639766736,CO,Other,0.1,24723.22,247231.2,1255,35.39769615887744
1093756207,PA,Family Medicine,13.2,4578.1900000000005,345.8325757575758,1545,34.8681553482286
1417510868,NY,Family Medicine,1.45,2165.92,1492.737931034483,1218,34.46985811960167
1164201612,IN,Other,230.64,170552.61000000002,738.4754162330906,1168,33.58444079056469
1861404139,TN,Other,24.99,85445.34999999999,3418.1816726690677,1073,32.690886332156715
1407523160,NC,Other,10998.7,3434449.96,311.2596270468328,1743,31.540303992169804
1275219073,MO,Other,262.34,574009.3,2187.035755126935,882,29.630784488274777
1033346846,PR,Other,22.17,19425.84,875.2219215155615,1093,29.405135130262746
1811121726,IL,Other,7104.05,1172890.5499999996,164.10167439699885,4835,27.369686478583766
1699870139,CA,Internal Medicine,121.66,31037.989999999998,254.1207463422653,1065,27.08259081030273
1154366193,IL,Family Medicine,351.61,41504.32000000001,117.04078382298572,1633,26.87890342509643
1174869952,IL,Other,842.1200000000001,136357.86000000002,160.92212511281053,4835,26.837164235021415
1366757338,AL,Other,5.02,2910.2599999999998,578.7330677290837,681,25.904014889115103
1548721012,NY,Emergency Medicine,16.78,3347.5200000000004,198.49463647199048,884,25.838411085336773
1790407708,NY,Ophthalmology,145.5,55324.490000000005,379.2370446735396,692,25.573690458714225
1255808408,MA,Other,4784.0,633374.9500000001,131.3944293478261,1706,25.489059891427427
1225070121,NJ,Other,25.35,5733.92,225.19013806706113,1815,24.90073624534248
1780292292,PR,Clinical Lab,172.91,76580.24,441.89075241455095,634,24.86021724005038
1073198602,WA,Other,7907.51,1705065.6,214.62610733340838,860,24.578193284918605
1861482507,PA,Internal Medicine,539.0,95033.95999999999,175.31532467532466,824,24.268054522276113
1174744379,MS,Other,8192.22,1982425.21,240.9887661708304,632,24.01569160611058
1871374140,NJ,Other,1475.0,321815.27,217.17984406779664,1815,24.01200447313476
1265169940,NC,Family Medicine,75.0,22241.710000000003,295.5561333333334,618,23.9130607028947
1467225235,CA,Other,555.85,702504.84,1262.8388773949805,5587,23.506623496078742
1609443019,NY,Dentist,150.0,63190.4,420.26933333333335,714,23.495443625381576
1912788464,CT,Other,511.03999999999996,101394.15,197.407463212273,759,23.26208071311649
1578121349,IL,Optometrist,288.08,123215.26999999999,426.71198972507636,604,23.169429681270593
1205455763,IL,Other,634.08,88445.42,138.4862162503154,4835,23.079518274560584
1124798954,CA,Optometrist,10.63,4027.91,377.9190968955785,894,22.823234915514817
1063973485,PA,Emergency Medicine,335.95,37528.619999999995,110.70894478344991,605,22.791024547159388
1700937018,IL,Other,38.76,5302.150000000001,135.79437564499486,4835,22.628679218350303
1730717307,IL,Emergency Medicine,1720.04,79135.57,45.00798237250297,1362,22.57655364354191
1184933830,CA,Family Medicine,19.44,2773.3999999999996,141.6646090534979,917,22.42855611583254
1760425649,NY,Pediatrics,489.45,38740.67,78.15143528450301,866,22.423020610949116
1467100412,TX,Dentist,1126.71,220767.65000000002,194.9400821861881,902,22.330160916659295
1851958854,PA,Optometrist,446.35,148703.5,332.154475187633,548,22.280667662078464
1366158826,CA,Dental Clinic,1300.8,296291.2,226.77613776137764,831,22.176753923907327
1952414393,OH,Other,19.0,14353.0,754.421052631579,1571,21.87702894819562
1225184864,IA,Other,60.03,10535.5,174.503914709312,571,21.637835878671012
1417064049,FL,Home Health Agency,369.79,303333.89,819.2868925606425,467,21.45654865630094
1811306434,WI,Other,26.32,23815.68,903.8510638297872,776,21.41304830005016
1356493373,KY,Other,3112.76,649037.7700000001,207.50877356429666,891,20.97719432179377
1023503885,IL,Internal Medicine,91.6,6979.900000000001,75.19978165938866,2159,20.95985598383998
1700806775,LA,Other,1696.32,164443.00000000003,95.94102527824941,938,20.92566852929199
1205850450,TX,Optometrist,256.51,21082.98,81.19164944836459,843,20.891182299067108
1457840829,IL,Dentist,200.95999999999998,110121.69000000002,546.9781548566881,498,20.763623474668794
1396904256,NY,Cardiovascular Disease,7.37,916.52,123.35820895522387,1028,20.65543161923665
1760974950,IL,Student,66.67,16352.399999999998,244.27373631318432,542,20.632185952767124
1033165949,MA,Other,9.99,1064.35,105.54154154154153,1706,20.45579500127523
1063909042,CA,Home Health Agency,0.01,286738.14,28673813.0,413,20.27266950320207
1477093094,NM,Other,2306.19,529751.56,228.7085495991224,417,19.72408669888326
1679216725,AZ,Other,313.13,40305.29,127.71743365375403,905,19.523136995318644
1245201136,NY,Specialist,6.46,669.88,102.69659442724458,673,19.51478610821728
1477212660,MN,Chiropractor,26.72,3157.27,117.16130239520959,391,19.280465120786356
1760180566,UT,Other,4754.7,423960.11999999994,88.16653416619344,496,19.18080138471865
1568908978,OR,Other,595.79,60286.729999999996,100.18788499303446,637,18.966643566432932
1700519311,CA,Federally Qualified Health Ctr,15575.810000000001,3340395.74,213.46048327502712,573,18.914607579027468
1659505162,OH,Other,207.0,134659.65999999997,649.5297584541062,1571,18.819731945885614
1477232387,CA,Community/Behavioral Health,1266.1100000000001,1323801.8699999999,1044.566238320525,356,18.688941139985843
1225725286,MA,Other,3487.74,336394.99,95.45070733483574,1706,18.491223696687253
1538790266,IL,Emergency Medicine,858.99,32468.620000000003,36.798600682196536,1362,18.437571260228555
1558809673,NY,Home Health Agency,97962.28,5064029.159999999,50.69366372444577,628,18.432992568405567
1720798226,MD,Community/Behavioral Health,9434.16,1243117.3100000003,130.76767300957374,499,18.389248632546323
1760823637,PA,Other,455.0,982058.0700000001,2157.3693846153847,2694,18.30916671561392
1619321668,AR,Other,22.18,1271.36,56.32010820559062,620,18.272551038673598
1669438321,VA,Other,36.0,2651.0,72.63888888888889,824,18.263954388702437
1013343391,MN,Other,75.42,7103.94,93.19172633253778,778,18.17432315104314
1841377157,NV,Other,4.29,1917.4199999999998,445.9510489510489,556,18.036364697513683
1487733689,CA,Local Education Agency (LEA),1283.39,33984.21000000001,25.480033349176793,458,17.95480899619041
1679349823,IA,Chiropractor,361.57,15567.74,42.05595043836602,384,17.881457581324742
1366009532,WI,Chiropractor,462.18,13451.829999999998,28.105175472759527,557,17.838922666541563
1689375230,CA,Case Manager/Care Coordinator,2317.13,15152045.140000002,6538.1433109061645,320,17.8070551793056
1235337361,MI,Chiropractor,275.76,5779.9,19.959892660284304,500,17.79904790681757
1295786283,NY,Optometrist,377.1,40630.4,106.74436488994961,849,17.745368671513056
1073272613,CA,Specialist,20477.71,3339785.06,162.09367893187277,592,17.69589348789479
1396068045,LA,Other,247.64000000000001,20304.79,80.99317557745114,938,17.651365797827154
1104267848,CA,General Acute Care Hospital,647.28,2791666.4999999995,4311.9194475342965,313,17.63274679068964
1588258727,TX,Dentist,191.1,29130.609999999993,151.43647305075874,902,17.335651080091317
1790343291,PA,Pediatrics,487.31,15576.43,30.964109088670458,705,17.313450558017646
1831273499,NY,Obstetrics & Gynecology,22.45,7911.2300000000005,351.3933184855234,301,17.247665045007096
1497211379,CO,DME Supplier,3564.34,1266120.7599999998,354.21885117581365,300,17.168687841683784
1740349448,PA,Other,371.2,750298.87,2020.2792834051725,2694,17.13979840891025
1174123160,CA,Marriage & Family Therapist,98.02,13153.84,133.1954703121812,665,17.136157179325455
1750740155,PA,Other,135.89999999999998,274296.55,2017.3704930095662,2694,17.114986644461624
1538767082,CA,Clinic/Center,30.44,12009.099999999999,393.5170827858081,329,17.10064847894018
1124717988,OK,Other,237.77,55849.060000000005,233.88690751566642,700,17.067833905900574
1598259269,NY,Clinical Social Worker,136.14,12233.979999999998,88.8632290289408,361,17.05980166134075
1063446631,NY,Cardiovascular Disease,769.61,79296.34,102.03444601811306,1028,17.058002027703417
1316329634,WI,Other,510.0,366414.69,717.4601764705883,776,16.982031082629263
1205357688,FL,Internal Medicine,231.61,51347.310000000005,220.69729286300247,457,16.887864481882684
1891489118,NC,Internal Medicine,217.1,54824.44,251.53081529249195,359,16.880426907215792
1740701473,IL,Other,512.9,52380.46,101.12606745954378,4835,16.822307432501294
1962686451,VA,Other,88.81,6021.12,66.79777052133768,824,16.78666392122407
1023886512,CA,Ophthalmology,43.33,3486.91,79.47334410339256,381,16.716706440904353
1336912294,CA,Cardiovascular Disease,1178.04,57934.30000000001,48.17855081321518,345,16.534405194103595
1265608004,OH,Family Medicine,28.28,15241.86,537.9625176803395,276,16.43278257360779
1346657103,NY,Family NP,601.44,104901.85999999999,173.41783054003722,474,16.427264289599457
1194070326,KS,Other,288.53999999999996,26977.52,92.49663824772996,287,16.396504213620137
1740227560,NJ,Internal Medicine,1572.66,92928.4,58.08994951229127,501,16.23656516275432
1912099839,OH,Federally Qualified Health Ctr,1663.71,153055.44,90.99646573020539,288,16.15189756364503
1558552414,OH,Home Health Agency,2082.06,603648.45,288.92846027492004,580,16.062020251230567
1487104261,NY,Physical Therapist,2668.1600000000003,392031.83,145.92965564284,497,16.034092176251775
1821864653,TN,Family Medicine,78.17,22782.51,290.44825380580784,257,15.945440306741839
1982787289,IL,Nurse Practitioner,539.61,39039.21,71.34708400511481,872,15.93359324005127
1891294252,PA,Home Health Agency,42077.57,5029733.359999999,118.53478682347863,275,15.92508781722838
1730876137,MI,Dental Clinic,638.57,267710.51,418.23439873467277,276,15.915114727313913
1033990080,FL,Optometrist,30.0,7909.52,262.65066666666667,472,15.899121218424371
1063538585,NC,Pediatrics,35.0,6808.4400000000005,193.52685714285715,278,15.766694442817435
1720020183,SC,Other,98.25,8527.550000000001,85.79440203562342,703,15.757571966796307
1164491585,NJ,Pediatrics,1285.45,80435.72000000002,61.57397798436346,275,15.718550590177697
1811341878,NY,Internal Medicine,63.72,14092.640000000003,220.16509730069058,3262,15.714930899784543
1356001440,CA,Optometrist,19.18,4998.7,259.6204379562044,894,15.647553223185525
1790409498,KY,Optometrist,222.42,32204.5,143.79138566675658,393,15.553750991994548
1619046653,NY,Nephrology,15.29,1297.27,83.84434270765206,347,15.408807068947914
1982208336,CA,Adult Day Care,2818.88,1027920.53,363.6556540186173,241,15.308993992694763
1720045941,NY,Urology,1.25,300.53,239.42399999999998,249,15.306034536270081
1336252048,CA,DME Supplier,410.84,103368.11,250.60186447278747,443,15.289946900835341
1740359983,NY,DME Supplier,408.75,41389.29,100.25820183486239,268,15.26777832207745
1508283821,IL,Other,42.33,3920.62,91.62036380817388,4835,15.230258314017957
1952760290,NC,Federally Qualified Health Ctr,110.0,44112.52,400.0229090909091,258,15.22114658566681
1316192552,NY,Student,11.82,1219.91,102.20727580372251,847,15.201220568563233
1154348951,IL,Family Medicine,121.47,8175.700000000001,66.30633078126287,1633,15.180151493924658
1962132761,NJ,Other,220.0,30305.0,136.75,1815,15.088417166186108
1659143923,NE,Other,3293.29,291229.04000000004,87.43103401158113,271,15.059830149472948
1154035830,CO,Family Medicine,0.14,892.31,6372.642857142856,227,14.993421102579315
1639870850,TX,DME Supplier,1471.33,111639.51000000002,74.87659464566075,351,14.968892453947548
1750678017,CA,Pediatrics,1093.73,136131.30000000002,123.46517879184078,486,14.877458215537986
1558017087,TX,Pediatrics,231.75,19354.77,82.5157281553398,695,14.849959300971891
1356114318,MT,Other,251.2,17544.000000000004,68.84076433121021,307,14.796446020456063
1194483867,NV,Other,1031.29,376583.80000000005,364.1580059924949,556,14.71287630225677
1043904378,TX,Speech-Language Pathology Asst,691.75,201272.45,289.96125767979765,312,14.627445015686105
1639815186,CA,Community Health Center,37.5,13395.14,356.20373333333333,215,14.588889034854784
1104557545,FL,Speech-Language Pathology Asst,4099.46,305876.79,73.61392232147648,603,14.56077923074121
1871914291,CA,Other,5.86,4590.07,782.2883959044368,5587,14.543501409998697
1598248023,FL,Dentist,515.35,77606.43000000001,149.5897545357524,233,14.48643116069234
1225652605,NY,Student,22.47,2209.7,97.34000890075656,847,14.467235804665414
1932661873,IL,Internal Medicine,587.49,31181.75,52.07622257400126,2159,14.465232677500534
1821235854,FL,Physical Therapist,320.0,28023.800000000003,86.574375,245,14.462165832469326
1063102762,TX,Pediatrics,518.7,42178.46,80.31571235781762,695,14.452040179845541
1902514904,KY,Rural Health,806.71,35762.05,43.33073843140658,217,14.425127808167822
1174396055,MA,Dental Clinic,1773.0,276635.76,155.02693739424706,216,14.41828305110457
1669554531,IL,Obstetrics & Gynecology,143.0,12817.09,88.63,481,14.409937790399388
1104899426,IN,Optometrist,596.9399999999999,50149.58,83.01108989178142,329,14.40686409222056
1972294213,TX,Family Medicine,582.32,39691.009999999995,67.16013532078581,598,14.397675234160824
1164411468,KY,Other,3086.38,441399.82999999996,142.015386958184,891,14.332987914230442
1730545815,OH,End-Stage Renal Disease,122.34,11585.15,93.69633807421938,219,14.253030167687585
1508387929,PA,Specialist,51.27,1460.08,27.478252389311486,317,14.228635033951369
1932114303,TX,Home Health Agency,18618.3,492933.11,25.475731404048705,779,14.215785952681784
1306225701,TX,Internal Medicine,1656.69,72472.88,42.74558909633063,391,14.213023394182793
1356385272,CT,Optometrist,18.0,3970.9000000000005,219.60555555555558,205,14.195297494945306
1770897712,PA,Physical Therapist,212.94,16736.01,77.59495632572555,340,14.131815123120901
1770685299,"",Other,15.18,595.96,38.25955204216074,652,14.099807436143479
1992905129,WV,Other,220.0,134951.40000000002,612.4154545454546,423,14.09448753891901
1932858628,CA,Emergency Medicine,4.46,627.5799999999999,139.71300448430492,260,14.034744029007394
1932719895,NY,Optometrist,983.53,84108.55,84.51701524101959,849,14.030916581748158
1659776474,HI,Other,140.52,9720.0,68.17164816396242,242,14.013916613538367
1316128390,TX,Home Health Agency,48512.19,1266917.87,25.115454074532607,779,14.012555873923642
1083019822,CA,Other,75.38,56675.93,750.8695940567791,5587,13.957484815268774
1073042727,IL,Pediatrics,2153.4700000000003,69141.05,31.106809010573627,1058,13.92450147088364
1417655465,IL,Hospitalist,2335.2000000000003,90224.85,37.63688335046248,285,13.91993658201407
1871184465,IL,DME Supplier,74.47,43104.30999999999,577.814421914865,197,13.90190775839075
1679831820,IL,Internal Medicine,83.14,4245.38,50.063026220832334,2159,13.899794117318379
1477262806,OH,Mental Health Counselor,34074.5,8451231.479999999,247.0221714185094,206,13.875025093162703
1558506485,MA,Mental Health Counselor,91.98,12768.63,137.81963470319633,219,13.86170083663992
1265545446,IL,Obstetrics & Gynecology,178.12,15338.120000000003,85.11116101504605,481,13.830760475094555
1720789340,VA,Home Health Agency,60472.17,2600182.02,41.9979942839822,379,13.809969363066653
1568852283,IL,Internal Medicine,106.86,5409.0,49.61763054463784,2159,13.774697581422934
1396884227,AL,Optometrist,1349.3600000000001,336425.67,248.3223972846386,195,13.747597549072394
1821134040,CA,Hospice,0.17,18795.12,110558.5294117647,191,13.743089656231504
1083864995,RI,Other,259.29,23673.74,90.30217131397276,420,13.740004873454637
1508032970,NY,Podiatrist,3.68,384.5,103.4836956521739,341,13.699775532190449
1134781412,IL,Family Medicine,678.82,41262.759999999995,59.7860110191214,1633,13.676644530984122
1821876814,OH,Optometrist,217.58999999999997,17387.030000000002,78.9073027253091,525,13.661946991735537
1255045514,WA,Other,1000.55,120152.65999999999,119.08661236320023,860,13.60233704933773
1093411647,ME,Other,15026.4,560714.54,36.31529441516265,255,13.566940461763705
1467079194,AR,Optometrist,405.0,14859.420000000002,35.689925925925934,207,13.554721415724021
1306115548,PA,DME Supplier,277.22,217037.96,781.9087367433806,191,13.548396635747878
1851796650,FL,Pediatrics,5299.23,96969.81,17.29884907807361,478,13.5069799371157
1114540895,IN,Dentist,52.0,11564.0,221.3846153846154,200,13.486698681038925
1558878769,OR,Mental Health Counselor,462.22,57544.61,123.49614901994721,222,13.45697622282712
1518111434,VA,Family Medicine,3285.4700000000003,230525.33999999997,69.16510270981014,202,13.45171178329754
1932769932,PR,General Practice,7286.639999999999,514239.89,69.57297876661947,348,13.446567144464964
1194414805,VA,Internal Medicine,156.49,320717.63,2048.4448846571663,183,13.446357577879224
1457394793,PA,Family Medicine,803.25,107823.97,133.2346342981637,1545,13.392299559963991
1306299938,FL,Specialist,4906.79,297246.25999999995,59.5785574683245,236,13.368196576523722
1043337272,CA,Physical Therapist,4233.89,281940.68,65.59140412245003,209,13.361758252736998
1902997851,MN,Home Health Agency,1471.97,875717.48,593.9288912138155,217,13.326769984050411
1427001619,NY,Pulmonary Disease,10.47,834.9200000000001,78.74403056351481,199,13.306311423228085
1790563872,NC,Community/Behavioral Health,10263.96,456808.87,43.50610388193251,485,13.304714576015845
1033772082,OH,Other,863.2,397629.24999999994,459.6455630213159,1571,13.285122176456381
1801580170,KY,Chiropractor,652.45,52087.94,78.83437811326539,307,13.262001539876193
1407458946,IL,Federally Qualified Health Ctr,8287.150000000001,1225827.74,146.9190964324285,178,13.2535312385817
1821439514,CA,Specialist,49.44,6057.51,121.52245145631069,592,13.24465823729162
1538166210,IL,Nephrology,257.63,9435.68,35.624927221208715,229,13.226728764742546
1538422548,MI,Internal Medicine,2566.51,106329.28000000001,40.429521022711775,451,13.212905249566818
1295421667,AL,Family Medicine,3447.5200000000004,134407.59,37.986746994941285,222,13.185038467013158
1588690812,IL,Other,157.35,12635.880000000001,79.30428979980935,4835,13.167518354165903
1851166037,LA,Community/Behavioral Health,39778.48,2737502.88,67.81868990469218,186,13.157996872869274
1700495926,NY,Physical Therapist,3.58,432.51,119.81284916201116,497,13.143062617645404
1801037973,TX,Obstetrics & Gynecology,18.38,848.7299999999999,45.17682263329706,232,13.131826509449724
1083070692,PR,Internal Medicine,575.0,93567.86,161.72671304347827,191,13.116575763398536
1942398623,NJ,Specialist,2239.2200000000003,47565.340000000004,20.24192352694242,186,13.098889041146405
1093424723,NC,Other,235.29,30811.850000000002,129.95265417144802,1743,13.093028220674721
1477704872,NY,Optometrist,217.89,17363.68,78.69011886731838,849,13.057173524029178
1740961499,LA,In Home Supportive Care,38558.74,1297803.43,32.65782777134315,205,13.052302915566505
1225217789,WI,Local Education Agency (LEA),407.54,2909.0099999999998,6.137974186582912,318,12.985296611144276
1609540681,FL,Case Management Agency,8267.95,2629752.8899999997,317.06589178696044,183,12.93117922403755
1104570167,MD,Mental Health Center,32568.38000000001,3188406.99,96.89885127844859,391,12.905610041091995
1376694844,NJ,Dentist,1270.0,114475.31000000001,89.13803937007874,316,12.889418616415458
1265545024,OH,Other,17.0,7594.0,445.70588235294116,1571,12.87881825719619
1720796600,TX,Dental Clinic,1513.5,360847.06999999995,237.41894284770396,172,12.87270090994066
1548893076,CA,Other,241.2,166249.15,688.2584991708126,5587,12.789676418395691
1457321135,WA,Optometrist,236.45999999999998,11288.879999999997,46.74118244100482,245,12.783563539979717
1710113170,OH,Dentist,1050.68,174779.72,165.34914531541477,198,12.738948899146958
1902069826,FL,Clinic/Center,147.66,62174.87000000001,420.06779087091974,165,12.73152012221696
1497258263,CA,General Practice,105.0,17756.94,168.11371428571428,184,12.728810446575924
1649759341,NC,Optometrist,36.86,1461.14,38.64026044492675,269,12.707846955164053
1396497392,AR,Other,758.04,30453.620000000003,39.1741596749512,620,12.691782037061799
1528177730,OH,Internal Medicine,8765.86,595156.0900000001,66.89477472832101,257,12.651562113086264
1144002171,LA,Non-Emergency Transport,1745.38,202996.74000000002,115.30518282551651,307,12.61543876468573
1164836094,PA,Student,933.25,65545.96,69.23408518617734,283,12.593899731057807
1164101754,ID,Other,4836.86,545975.51,111.87808826387368,319,12.565446535039975
1770964843,FL,Community/Behavioral Health,155.17,18254.48,116.64181220596765,232,12.558481108211977
1316304959,TX,Case Management Agency,520.69,56094.869999999995,106.73179819086211,161,12.555794528961277
1619429818,KY,Nursing Home,570.4,13903.35,23.374737026647967,194,12.55340301920367
1275596421,OK,Family Medicine,296.63,6340.16,20.373967569025385,197,12.551845019735582
1992867204,MI,Pediatrics,1612.9999999999998,31860.46,18.752300061996284,205,12.541827296050053
1427742196,TX,Professional Counselor,1521.45,42020.869999999995,26.618962174241673,420,12.50865358030291
1700464443,RI,Other,1196.0,99561.1,82.24506688963211,420,12.503331608395726
1912654989,SC,Other,134.5,9294.679999999998,68.10542750929366,703,12.484191315431529
1144262833,FL,General Practice,1387.14,605739.6,435.68238245598855,186,12.465958071459154
1376941005,MI,Home Health Agency,2505.54,517712.46000000014,205.62709835005634,158,12.461331314208579
1861029480,NY,Student,52.54,4463.67,83.95755614769699,847,12.44915941392082
1023472891,TX,Clinical Lab,0.87,11760.66,13517.0,157,12.448368478806902
1982709689,FL,Cardiovascular Disease,17.810000000000002,2434.24,135.67827063447498,164,12.440480865106927
1568534345,OH,Chiropractor,207.48,8993.0,42.3439367649894,334,12.420369477475562
1982381752,AR,Federally Qualified Health Ctr,24.82,19326.99,777.6861402095085,156,12.406956399946482
1972018208,NY,Infectious Disease,128.58,20514.170000000002,158.54401928760305,160,12.397648708349408
1093472011,PR,Other,412.45,153120.37,370.24589647229965,1093,12.389384064022662
1265926216,NY,Community/Behavioral Health,3625.59,2918656.9,804.0157077882495,155,12.367420819245845
1780700823,TX,Day Training/Habilitation,1475.27,168800.00999999998,113.4197401153687,157,12.347051487882188
1962276170,MA,Dentist,2443.64,140829.9,56.63119772143196,223,12.335477133175461
1558083766,MN,Clinic/Center,9845.81,403179.89,39.94938760752036,188,12.313763667614085
1396957676,IN,Local Education Agency (LEA),542.72,29103.309999999994,52.62490787146225,230,12.303094165572357
1811254105,KY,Other,85.26,10466.41,121.75873797794979,891,12.277981081866214
1750525341,NY,Dermatology,1406.3300000000002,78171.88,54.585730234013354,182,12.25444473825463
1962599571,TX,Family Medicine,332.12,19319.1,57.169035288449955,598,12.248329117277798
1134398670,OH,DME Supplier,28.86,1851.0499999999997,63.138946638946635,176,12.246965349017465
1568240240,MD,Dentist,2905.9300000000003,114783.48999999999,38.49974362768545,164,12.233109118506569
1962709766,IL,Physical Therapist,99.69,11796.099999999999,117.32781623031396,203,12.19913279747482
1023631306,TX,Rural Health,64.73,16424.43,252.7375251042793,181,12.18805517956978
1598220857,NY,Internal Medicine,344.36,59202.060000000005,170.91909629457544,3262,12.18413399932713
1215102892,FL,Obstetrics & Gynecology,1163.4,56457.98,47.52843390063607,158,12.172181653274663
1801679287,ID,Other,654.05,71551.73999999998,108.39796651632135,319,12.17181792298143
1043627870,TX,Family Medicine,4191.79,241667.15,56.65249451904795,598,12.137207729909763
1386806149,PA,Pediatrics,392.0,8925.89,21.77012755102041,705,12.129759299429661
1932388931,NJ,Internal Medicine,252.3,11199.28,43.388743559254856,501,12.115338286058067
1174252019,MO,Optometrist,90.95,19235.97,210.5004947773502,149,12.090771563141601
1013699651,RI,Pediatrics,9.54,12978.82,1359.4633123689728,148,12.08302072290358
1790906428,TX,Adult Day Care,9986.88,221602.58,21.189370454035696,251,12.04610646757087
1861518722,TX,Local Education Agency (LEA),99.75,883.03,7.852431077694236,550,12.04174729439512
1558026880,AZ,Other,125.58,10046.24,78.99872591176938,905,12.035735023176528
1861598765,MS,Optometrist,268.44,8610.109999999999,31.074616301594396,185,12.019134356363187
1306200985,AZ,Other,905.87,72297.22,78.80970779471669,905,12.00668551246524
1205375615,CA,Marriage & Family Therapist,294.06,27811.93,93.57909950350269,665,11.995862117795632
1326723578,IL,Registered Nurse,54.34,29381.72,539.7015090172985,220,11.97607564887086
1265919005,TN,Internal Medicine,394.38,81790.84,206.39094274557533,149,11.969634461335705
1427669746,WI,Optometrist,1741.6599999999999,167346.94999999998,95.08474099422389,169,11.961316360179143
1366166076,FL,Other,250.0,330539.82999999996,1321.1593199999998,2796,11.956091844410004
1710324157,SC,Other,59.21,3920.9100000000003,65.22040195912852,703,11.95031147968714
1184260127,NY,Early Intervention Provider,12104.849999999999,591092.3999999999,47.83103879849812,180,11.948736344937004
1053757138,VT,Other,480.0,37615.5,77.365625,149,11.932044975141052
1043628316,CA,Pediatrics,32.73,3272.7,98.99083409715857,486,11.912596078737263
1215507751,OH,Home Health Agency,2290.9,494926.3999999999,215.04015888951935,580,11.8876863661146
1811371966,TX,Pediatrics,10.49,702.26,65.94566253574833,695,11.852914481666538
1457062101,MO,Rural Health,355.8,127839.26000000001,358.3008993816751,142,11.812397783804212
1265172266,CA,Urgent Care,1041.05,82948.90000000002,78.67811344315838,179,11.811412399819634
1992823389,IL,Pediatrics,803.11,21981.15,26.37003648317167,1058,11.77643417797587
1831728658,IL,Family Medicine,801.2,42036.83,51.467336495257115,1633,11.758458686528193
1396067682,NY,Surgery,286.86,71082.64,246.79557972530154,141,11.748550186666748
1932284908,MN,Local Education Agency (LEA),391.68,3167.44,7.086805555555555,259,11.74667458492802
1134612468,CA,End-Stage Renal Disease,35828.0,697938.28,18.480246734397678,621,11.729917120180472
1730827684,MI,Dentist,5351.44,158291.93999999997,28.579316968890613,315,11.723912135936583
1417132580,PA,Case Management Agency,2659.2,42433.2,14.957129963898916,173,11.702283899685918
1639858855,MO,Family Medicine,821.86,17036.260000000002,19.728907599834525,171,11.607380552197458
1235166125,TX,Specialist,12059.23,213521.78,16.706087370420832,195,11.606458673816567
1215389846,TX,Optometrist,15.0,692.16,45.144,843,11.594359916118307
1306624143,CT,Other,1261.1,125814.76,98.76588692411387,759,11.591850196596173
1184087389,WI,Community/Behavioral Health,3528.2299999999996,1548982.91,438.0254915354158,137,11.589856969110055
1760149447,CT,Clinical Social Worker,6435.9400000000005,130843.99,19.33020662094426,258,11.582466868974352
1023761970,MD,Family Medicine,282.35,29549.359999999997,103.65507349034884,146,11.579964375806128
1144749771,FL,Assisted Living Facility,6200.0,211194.9,33.06369354838709,349,11.576643748506928
1578865770,NE,Chiropractor,572.98,12355.68,20.563894027714753,164,11.576524494209414
1952929424,IL,Other,1312.5,92910.66,69.78907428571429,4835,11.573876155020457
1720153984,FL,Local Education Agency (LEA),5794.92,80175.38,12.835459333347139,166,11.541060762953355
1801135322,PA,Internal Medicine,192.5,16319.689999999999,83.77761038961039,824,11.535144283242735
1780896316,FL,Family Medicine,12.99,1158.93,88.21709006928407,400,11.483131136155178
1326726563,LA,Federally Qualified Health Ctr,4889.68,244254.94999999998,48.953156443775455,212,11.44029972142955
1013565290,NC,In Home Supportive Care,8397.63,176088.2,19.968797148719343,291,11.426489370391428
1114049897,PR,Dentist,304.71,15739.089999999997,50.65268616061172,173,11.40746217858054
1073211637,WV,Other,359.0,178561.21,496.3849860724234,423,11.401288039599919
1457402802,NY,Pediatrics,122.4,4982.21,39.70433006535948,866,11.367512671826788
1578056297,PA,Physician Assistant,59.86,8077.51,133.94002672903443,232,11.317016893487153
1063918688,NY,Ambulance,309.93000000000006,8347.890000000001,25.934759461813957,184,11.311622606825154
1609371301,IL,Ophthalmology,849.5,10851.039999999999,11.77344320188346,265,11.288884679182923
1467073098,CA,DME Supplier,1005.7,187324.88999999998,185.26318981803718,443,11.271151268638157
1093271249,NC,End-Stage Renal Disease,1546.38,34552.93,21.344397884090583,149,11.248226854957855
1255706925,MI,Clinical Social Worker,2773.2,83271.23999999999,29.027131112072695,190,11.24098518202628
1316597677,NJ,Adult Day Care,34274.66,1132948.7,32.0549945644975,133,11.221686329472366
1629484092,OH,Optometrist,340.0,22351.84,64.74070588235294,525,11.185755337583938
1497437404,VA,Community/Behavioral Health,34962.28,2395741.3600000003,67.5236020076494,327,11.18416974647466
1508463563,IL,Rural Health,1028.24,14284.540000000003,12.89222360538396,187,11.180991709328042
1407914583,AR,Local Education Agency (LEA),1895.34,79077.06,40.72183354965336,184,11.180359263918323
1356998181,NC,Dentist,115.0,7112.7300000000005,60.849826086956526,209,11.146801597358003
1497852875,NY,Local Education Agency (LEA),319.47,2277.96,6.130434782608695,362,11.142444286858858
1316141351,KY,Physician Assistant,768.99,109397.31,141.2610307026099,133,11.140789511214345
1982960324,IA,Family Medicine,63.84,8211.720000000001,127.62969924812032,145,11.119978788792586
1821534488,PA,Cardiovascular Disease,144.89,3752.91,24.901787562978814,320,11.111594059388572
1669245577,OK,Other,1210.72,185910.15,152.55338145896656,700,11.102955327308623
1376047613,CA,Mental Health Center,399.92,30761.58,75.91933386677336,229,11.088290213724909
1063128155,WA,Dentist,5574.82,240386.97999999995,42.12013302671655,132,11.062978835201207
1245548767,CA,Clinical Social Worker,278.01,15121.830000000002,53.393115355562756,217,11.06120921134792
1891185609,IL,Cardiovascular Disease,337.01,6558.7300000000005,18.461529331473844,489,11.059939449836058
1619474830,NY,Podiatrist,67.46000000000001,5700.2,83.49747998814111,341,11.031642767472757
1730148321,NJ,Other,8.06,813.8399999999999,99.97270471464019,1815,11.00802376003077
1104505924,OH,Community/Behavioral Health,1077.05,58789.240000000005,53.58357550717238,246,10.988490521805758
1982148763,NY,Eyewear Supplier,160.0,31088.0,193.3,124,10.942038864049124
1528249489,PA,Orthopaedic Surgery,462.0,11997.029999999999,24.9675974025974,144,10.9319352950009
1346283017,CA,Rural Health,25971.11,259675.37,8.998624240550365,177,10.905904866404853
1942741103,IL,Gastroenterology,512.18,26593.54,50.922253895115006,167,10.899758517981724
1699742932,"",Other,268.12,8201.41,29.58857974041474,652,10.899432800174807
1699453480,CA,Dental Clinic,682.0,77109.06,112.06313782991202,831,10.892337306428228
1861260788,KY,Clinical Social Worker,4896.88,1420771.9500000002,289.13820024178665,121,10.888890592531359
1083367015,FL,DME Supplier,2577.6200000000003,54161.18,20.01208867094451,208,10.876123433447594
1316238678,WA,Mental Health Counselor,3134.6899999999996,299766.97000000003,94.62890429356653,127,10.857294768244843
1316674526,MI,Community/Behavioral Health,963.11,51545.96,52.52032478117764,161,10.850665703660988
1588382485,LA,Pediatrics,586.42,19659.09,32.52390777940725,124,10.848002022900816
1083346258,SC,Family Medicine,1073.53,17730.309999999998,15.515896155673339,225,10.825370133205558
1790796829,OH,Other,38.5,14474.0,374.94805194805195,1571,10.816419232727984
1861129819,MA,Internal Medicine,743.21,16436.559999999998,21.115633535609042,326,10.800926363013627
1003359613,MI,DME Supplier,9143.060000000001,198988.41,20.763874457785466,153,10.796069142816897
1568118230,CA,Dental Clinic,1770.3,198420.33000000002,111.08288425690561,831,10.795908918057378
1548912231,MO,Home Health Agency,120944.07999999999,2941937.56,23.32477521843153,361,10.79400970665862
1912631615,GA,Professional Counselor,631.35,34396.14,53.480304110239956,138,10.780286991885724
1619164712,CA,End-Stage Renal Disease,23251.399999999998,418332.0,16.99169082291819,621,10.778078743412074
1366169864,MO,In Home Supportive Care,33598.89,448880.63,12.359983916135326,209,10.700209548960967
1992070593,TN,DME Supplier,71357.3,1317482.9000000001,17.4631831641612,127,10.689213143850983
1750497293,IN,Family Medicine,581.3100000000001,32187.13,54.36999191481309,214,10.684398424110995
1255805404,NY,Home Health Agency,161967.90000000002,4936638.07,29.479113886146575,628,10.670310232375677
1487257010,TX,Ambulance,118.43,10793.57,90.13881617833319,117,10.641350340642028
1245294230,VA,End-Stage Renal Disease,923.23,60486.990000000005,64.51670764598205,118,10.638142870856912
1437378031,VA,Federally Qualified Health Ctr,6.07,7233.340000000002,1190.6540362438222,115,10.630367416862857
1366620379,IL,Local Education Agency (LEA),345.41999999999996,4602.22,12.323548144288115,496,10.624372827320254
1457619017,NY,General Acute Care Hospital,7018.35,131122.06,17.68274736939594,170,10.622813949801367
1427632124,MI,Federally Qualified Health Ctr,3170.85,20069.280000000002,5.329306022044563,176,10.582765122821117
1306588298,MN,Mental Health Counselor,2555.53,594951.42,231.8094054853592,114,10.576970236417404
1225569700,MN,Other,20.9,1158.75,54.44258373205742,778,10.576742223055433
1932652849,FL,Emergency Medicine,1830.48,537822.13,292.81480813775624,120,10.569387050647718
1629048178,IL,Physical Med & Rehabilitation,3.76,4187.38,1112.6648936170213,115,10.566436815027984
1972952356,MN,Other,61.41,3399.8399999999997,54.36297020029311,778,10.56113232281122
1700845260,IL,Infectious Disease,1956.4,61271.2,30.31833980781026,125,10.550716722027452
1225342637,LA,Dentist,1534.21,104856.98000000001,67.34591092484081,134,10.532316556177975
1497348379,LA,Family Medicine,15.24,1020.6800000000001,65.9737532808399,212,10.52857333526339
1407350721,NY,Adult Health NP,44.79,8532.880000000001,189.50859566867607,199,10.500379464518176
1831871870,OH,Ambulance,4184.68,131549.33000000002,30.435935364233348,275,10.493128324279386
1295227783,IL,Otolaryngology,91.3,3316.51,35.32541073384447,120,10.49311524107348
1104438514,NY,Non-Emergency Transport,15221.08,5549372.9799999995,363.5847062100718,112,10.487381431486085
1245285808,TX,Nursing Facility,30.78,927.8100000000001,29.14327485380117,129,10.484318213781224
1407898075,PA,End-Stage Renal Disease,106.83999999999999,28145.08,262.43204792212657,112,10.482843403611325
1184943334,MA,Family Medicine,57.0,2359.28,40.39087719298246,195,10.476080934664367
1487000444,OH,Pediatrics,64.64,7682.780000000001,117.85488861386139,151,10.45729853810262
1114604501,KY,Optometrist,1413.54,138477.53999999998,96.96506642896556,393,10.455230272776827
1710022637,CO,Optometrist,30.64,1275.63,40.632832898172325,244,10.44458849357489
1013484419,NC,Addiction Counselor,3580.8,2364285.59,659.2674234807863,111,10.434302209163178
1629297130,NJ,Dentist,270.0,19741.5,72.11666666666666,316,10.404896642770266
1992451421,NC,Other,217.29,22709.760000000002,103.5135993372912,1743,10.402957740050708
1700010030,CA,Obstetrics & Gynecology,1500.0,50585.0,32.723333333333336,313,10.38884378537471
1457016669,NY,Specialist,1929.5500000000002,107935.62,54.938234303334966,673,10.386040359992068
1194831917,IL,Local Education Agency (LEA),375.6,4872.08,11.971458998935036,496,10.319077579362851
1073390241,PA,Clinical Social Worker,1697.78,59344.959999999985,33.954446394703666,168,10.318257067031473
1821550294,CT,Internal Medicine,359.63,15646.440000000002,42.50704891138115,124,10.31538943476231
1225175326,NC,Speech-Language Pathology Asst,2608.71,42966.630000000005,15.470450912519983,185,10.289084382664734
1609306570,CO,Optometrist,717.39,29403.639999999996,39.98696664296965,244,10.277034481445034
1235312216,CA,Surgery,250.13,7843.889999999999,30.35925318834206,222,10.270791643724738
1689052482,CA,Other,26.45,14654.519999999999,553.046124763705,5587,10.267724893967728
1598544066,AL,Pediatrics,8367.68,181488.31,20.689202980993535,117,10.254181848629736
1790348498,IA,Mental Health Counselor,837.0,62118.89000000001,73.21611708482678,112,10.243104462944768
1073564522,PA,General Acute Care Hospital,47672.61,1882180.25,38.48137620323284,115,10.230852949989682
1790431286,OR,Other,3645.04,201824.59999999995,54.369653007923084,637,10.230561996107363
1356555999,NY,Gastroenterology,8778.33,206288.64,22.49975906579042,335,10.228910338531552
1548920192,CO,Day Training/Habilitation,11865.76,915977.9199999999,76.19504861045563,109,10.194476302935968
1154627602,PA,Chiropractor,551.7,6783.199999999999,11.295087910096063,305,10.19089073701455
1639861990,IA,Rural Health,1149.45,19371.24,15.852616468745921,145,10.16202245276116
1013616416,CO,Home Health Agency,4725.33,176151.34,36.27810332823316,158,10.161376036651118
1225525264,NY,Endocrinology,325.06,7912.380000000001,23.341290838614412,199,10.157615640715441
1386421097,FL,Federally Qualified Health Ctr,1613.56,41432.689999999995,24.67781179503706,206,10.150993093306845
1760114573,PA,Physical Therapist,92.2,5247.63,55.915726681127985,340,10.150312037436626
1689272429,FL,Occupational Therapist,1700.0,49103.42,27.88436470588235,263,10.132403631556075
1568477313,AL,Internal Medicine,80.13,78989.65999999999,984.768875577187,104,10.09881978162256
1255863692,IL,Pediatrics,1360.0,32180.67,22.662257352941175,1058,10.095002563326943
1033634373,CA,Family Medicine,2203.27,143549.47,64.1529181625493,917,10.080076280779586
1346313822,FL,Clinical Lab,438.19,22515.590000000004,50.38316711928616,105,10.04878872626791
1861125478,CA,Federally Qualified Health Ctr,15108.630000000001,1736923.6400000001,113.96235198029206,573,10.044960701692178
1780888081,MI,Optometrist,69.44,1772.34,24.52332949308756,241,10.034092773302826
1942385810,PA,Podiatrist,5.95,308.95,50.924369747899156,117,10.021629914669518
1326259177,NC,Home Health Agency,2273.2,54350.11000000001,22.90907531233504,307,10.01735831517352
1457012486,KY,Nurse Practitioner,4764.139999999999,208539.49,42.77274597304026,120,10.012888327578239
1003391855,NY,Dental Clinic,327.12,20629.54,62.064135485448766,108,10.009035210725866
1609998392,MA,Case Management Agency,72.0,1903.1499999999999,25.43263888888889,110,9.998500497508466
1033701578,AR,Family Medicine,2274.81,28890.769999999997,11.700300244855613,222,9.992441983952675
1366894271,NJ,DME Supplier,539.62,153274.79,283.0420851710463,102,9.985749752295611
1679231625,PA,Family NP,385.0,25064.86,64.10353246753247,476,9.97835455265015
1619689452,VA,Non-Emergency Transport,461.6,33780.2,72.18067590987867,203,9.957578009215231
1083736474,CA,Pediatrics,348.0,29173.22,82.831091954023,486,9.954978491082063
1851602866,OK,Other,112.48,15506.800000000001,136.86273115220484,700,9.952226612636471
1033268529,MI,Optometrist,1222.37,30953.61,24.322619174227118,241,9.9514117716499
1386344620,UT,Family Medicine,447.24,163830.28,365.3140148466148,102,9.949997175917831
1326024647,IN,Chiropractor,38.42,345.78,7.999999999999998,217,9.94585897988703
1487725875,NY,Hospitalist,37.65,1508.7299999999998,39.07250996015936,234,9.918182829576043
1033832845,PA,Family NP,2569.42,166135.98,63.65894248507445,476,9.907555177181427
1841929395,NC,Clinical Social Worker,29.76,16200.389999999996,543.367943548387,101,9.901029095198938
1811681133,CA,Assisted Living Facility,52913.43,2676922.35,49.590603368558796,182,9.886428861699292
1982210183,CA,Internal Medicine,39.34,3711.39,93.34138281647178,1065,9.881805535058604
1992958417,NC,DME Supplier,3441.66,89939.79,25.13267725458064,132,9.868768378312556
1194421701,VA,Home Health Agency,39111.63,1217335.94,30.12465371553167,379,9.860979138492082
1235887621,FL,Mental Health Counselor,1224.72,50990.62,40.63451237833954,139,9.85359486875886
1356958276,MO,DME Supplier,345.32,16837.460000000003,47.759006139233186,108,9.835418889830494
1922277904,IL,Local Education Agency (LEA),95.76,1187.51,11.400898078529657,496,9.824346230870736
1811779275,CT,Professional Counselor,8759.38,270007.27999999997,29.824930531612967,189,9.775954278173385
1417483090,IL,Other,187.39000000000001,11249.029999999999,59.03004429265168,4835,9.771915474947855
1972541662,FL,Ophthalmology,68.41,5011.9,72.26268089460605,107,9.766529345568387
1033763016,IN,Optometrist,220.05,12632.31,56.40654396728016,329,9.759608696630597
1639957673,KS,Rural Health,3277.94,42972.86,12.109715247991117,107,9.751686244819961
1720752041,FL,Mental Health Center,132.35,21721.690000000002,163.12308273517192,104,9.749367789835931
1487874285,TX,Ophthalmology,1103.01,30386.28,26.54850817309,108,9.748266392358495
1750647715,NJ,Family Medicine,32.92,721.74,20.924058323207774,186,9.747413996592567
1295448710,TX,Cardiovascular Disease,3.36,1558.98,462.9821428571429,98,9.729833336948817
1841373800,CA,Anesthesiology,73880.52,4170145.9600000004,55.444458701698366,143,9.726288268505984
1558726489,AK,Other,268.73,4866.81,17.11040821642541,230,9.723211379857139
1164159661,PA,Mental Health Counselor,685.7,21025.43,29.66272422342132,123,9.718908855087435
1841665098,IL,Family Medicine,1046.55,45590.68,42.56283025177966,1633,9.705187125162496
1003560624,IL,Clinical Lab,57231.18,7294278.74,126.45288040540139,102,9.690961723862365
1144904996,CA,Nephrology,4990.500000000001,51442.57,9.308099388838793,182,9.682023846063625
1619750874,MT,Clinical Social Worker,2753.52,57973.340000000004,20.054265086144284,129,9.664581829467554
1003360975,OK,DME Supplier,251.75,20230.48,79.35940417080437,96,9.663284852857553
1023478047,IL,Nurse Practitioner,488.03,21794.19,43.657480072946335,872,9.654205900316997
1912900374,CA,Podiatrist,2.51,573.28,227.398406374502,155,9.647497901347819
1124616925,NE,Mental Health Counselor,1707.71,21151.9,11.38611942308706,179,9.646019342857619
1104877414,IL,Internal Medicine,721.72,25898.999999999996,34.885107798038014,2159,9.636831726174545
1487339438,IA,Dentist,21463.350000000002,536665.61,24.00381394330335,110,9.626450809292582
1174830814,LA,Specialist,426.75,31117.29,71.91690685413006,104,9.62180338037161
1194955310,OH,Optometrist,343.87,19527.150000000005,55.78643091866114,525,9.620629910506032
1043994262,IN,Internal Medicine,29.76,8884.64,297.54301075268813,147,9.576178435859516
1609196898,MN,Community/Behavioral Health,3674.17,93344.81999999999,24.405688903888496,216,9.565991563730602
1760696314,IL,Cardiovascular Disease,140.92,2393.56,15.985239852398525,489,9.56157394047285
1952685232,TX,Home Health Agency,13217.07,240509.40999999997,17.196877976737657,779,9.545739029886501
1881375707,NJ,Mental Health Center,12.18,10017.11,821.4228243021347,93,9.539479329818477
1083051643,IL,Internal Medicine,188.85,6711.21,34.53725178713265,2159,9.539130773335328
1134491319,NY,Psychologist,1284.84,107504.78,82.67172566233928,98,9.531850134034439
1194817031,TX,Optometrist,175.0,6675.5599999999995,37.14605714285714,843,9.531660813411497
1306170717,CA,Acupuncturist,2560.0,58142.86,21.7120546875,230,9.527987800066668
1881898112,CA,Dermatology,137.23,76705.26,557.9540188005539,93,9.5219274434184
1114467867,KY,Family Medicine,603.9,14201.740000000002,22.516708064249052,160,9.520347445308726
1235865155,TX,In Home Supportive Care,13053.19,172923.62,12.247613801683725,116,9.498169995017538
1821233560,NY,Mental Health Counselor,430.26,6570.0599999999995,14.269976293403987,249,9.465587298819498
1760162846,LA,Non-Emergency Transport,2318.16,203636.44999999998,86.84400127687476,307,9.462388926192082
1366922387,PA,Obstetrics & Gynecology,2093.41,79688.94,37.066570810304725,230,9.460288096694853
1730684895,PR,Obstetrics & Gynecology,1699.2399999999998,193559.4,112.9093947882583,98,9.455489814973188
1467619403,PA,Clinic/Center,2796.5,55359.78,18.796095118898624,118,9.441340094982904
1457743015,CA,Psychologist,470.48,146525.26,310.43780819588505,98,9.437178941634095
1346667870,CO,Internal Medicine,5.13,6156.719999999999,1199.140350877193,91,9.434232493592866
1346264397,OH,Chiropractor,268.49,8926.51,32.24708555253454,334,9.42934013661693
1508568965,TX,Speech-Language Pathology Asst,611.32,115220.40000000001,187.47804750376235,312,9.41892942077616
1558730044,"",Other,2789.6,74097.42,25.562023229136795,652,9.41326851772247
1205537669,TX,DME Supplier,1306.83,62933.329999999994,47.15724309971458,351,9.402833663421802
1255105516,VA,Other,1209.84,46683.36,37.58639158897044,824,9.39874795663523
1427369974,OK,Optometrist,225.42,2088.08,8.263064501818826,211,9.388246375121742
1326615139,MI,Internal Medicine,469.26,13983.260000000002,28.798533861825007,451,9.383477284460037
1124039896,PA,Ambulance,6.49,9468.99,1458.0123266563944,90,9.37554938819901
1245982990,MA,Community/Behavioral Health,2541.93,908526.1800000002,356.41589264849944,97,9.344942316117677
1275279655,MN,Other,3939.31,193567.71000000002,48.13746569830758,778,9.340491784798372
1386394310,NY,Clinic/Center,45239.649999999994,1202160.02,25.573150322781014,157,9.337305329459713
1740967785,OK,Federally Qualified Health Ctr,18609.27,477076.69000000006,24.63650750405578,98,9.334290418671781
1023777414,CA,Case Management Agency,120.64,18444.0,151.8846153846154,100,9.324337167779607
1144710146,FL,Primary Care,15511.079999999998,2873045.7399999993,184.2253834033478,98,9.316841010463335
1346410305,PA,Family NP,2009.3799999999999,122285.52999999997,59.85734405637559,476,9.302164131151365
1518731512,MA,Adult Day Care,20277.68,301035.16,13.845641118707858,97,9.291665558880906
1912696303,CA,Dentist,1716.0,461146.3,267.73327505827507,1476,9.290190268797279
1154085181,WA,Community/Behavioral Health,9261.0,901534.3700000001,96.34741064679841,96,9.274572960454622
