billing_npi,hcpcs_code,claim_month,state,specialty,paid,claims,paid_per_claim,median_ppc,peers,ppc_delta,excess_paid,z_ppc
1073854451,H2016,2018-07,NJ,Day Training/Habilitation,27633344.04,5224,5289.690666156202,346.9355096663932,30,4942.7551564898085,25820952.93750276,2.981869555493141
1073854451,H2016,2018-08,NJ,Day Training/Habilitation,23133476.59,4419,5235.002622765332,344.12901205328205,32,4890.873610712049,21612770.485736545,3.0475255845253617
1073854451,H2016,2018-09,NJ,Day Training/Habilitation,19138487.3,3737,5121.350628846669,348.4866770759404,33,4772.863951770729,17836192.587767214,3.2016019736539385
1073854451,H2016,2018-10,NJ,Day Training/Habilitation,17244767.73,3393,5082.454385499558,351.9866309874231,33,4730.467754512135,16050477.091059674,2.6170955747119837
1073854451,H2016,2018-11,NJ,Day Training/Habilitation,15200724.23,3413,4453.772115440961,345.69199695555983,34,4108.080118485401,14020877.444390673,1.9897859676406249
1073854451,H2016,2018-12,NJ,Day Training/Habilitation,14281405.66,3177,4495.248870003148,339.5847563680807,34,4155.664113635067,13202544.889018608,2.8101072500508835
1073854451,H2016,2019-01,NJ,Day Training/Habilitation,12895978.59,2454,5255.085,328.10791009463725,35,4926.977089905363,12090801.77862776,3.141141416359331
1376263657,H0015,2023-03,AZ,Mental Health Center,12280591.25,2605,4714.238483685221,752.5710835654595,34,3961.667400119761,10320143.577311978,1.9223366262156765
1073854451,H2016,2019-02,NJ,Day Training/Habilitation,10810550.54,2345,4610.042874200426,328.2096779808529,35,4281.833196219573,10040898.845134899,3.0160733250485463
1750504064,T2016,2021-12,MA,Case Management Agency,20388591.54,1220,16711.960278688523,8756.247396593675,23,7955.712882094847,9705969.716155713,3.103944351395673
1750504064,T2016,2021-11,MA,Case Management Agency,20003962.07,1214,16477.728228995056,8561.30181122449,23,7916.426417770566,9610541.671173468,3.0995788102121886
1750504064,T2016,2021-10,MA,Case Management Agency,20554497.98,1199,17143.03417848207,9225.313111702128,23,7917.721066779943,9493347.559069151,2.985054693255749
1750504064,T2016,2021-08,MA,Case Management Agency,20567274.48,1204,17082.45388704319,9203.360212765958,23,7879.093674277232,9486428.783829788,2.996273493197775
1750504064,T2016,2021-07,MA,Case Management Agency,20536387.87,1225,16764.39826122449,9130.142488584475,23,7634.2557726400155,9351963.321484018,2.9004850266048168
1750504064,T2016,2021-09,MA,Case Management Agency,19991193.69,1176,16999.3143622449,9086.859810874705,23,7912.454551370194,9305046.552411348,3.019226380419831
1750504064,T2016,2022-05,MA,Case Management Agency,20417667.91,1235,16532.524623481782,9112.442464183381,23,7420.082159298401,9163801.466733525,2.986645684535022
1750504064,T2016,2022-01,MA,Case Management Agency,20422963.13,1162,17575.699767641996,9698.909620253164,23,7876.790147388832,9152830.151265822,2.949446426738305
1750504064,T2016,2022-03,MA,Case Management Agency,20357121.18,1200,16964.267649999998,9372.610864553315,23,7591.656785446683,9109988.14253602,2.9219004278037577
1750504064,T2016,2022-04,MA,Case Management Agency,19756570.43,1233,16023.171476074614,8939.905870069606,23,7083.2656060050085,8733666.492204176,3.016288103184427
1750504064,T2016,2022-02,MA,Case Management Agency,18448975.94,1169,15781.844260051326,8509.770765957446,23,7272.07349409388,8501053.914595746,3.016576915354728
1750504064,T2016,2024-09,MA,Case Management Agency,19303885.19,1153,16742.311526452733,9933.210046296297,23,6809.101480156436,7850894.006620371,2.952426026107431
1750504064,T2016,2022-06,MA,Case Management Agency,19576487.27,1193,16409.461248952222,9909.184762773722,23,6500.2764861785,7754829.848010951,2.5084143840827
1750504064,T2016,2024-10,MA,Case Management Agency,18267581.31,1061,17217.32451460886,10028.51804964539,23,7188.806464963469,7627323.65932624,3.0037035060659396
1750504064,T2016,2021-05,MA,Case Management Agency,18428862.17,1215,15167.787794238684,8927.487217630855,23,6240.3005766078295,7581965.200578513,2.846274732475532
1750504064,T2016,2021-04,MA,Case Management Agency,17801215.31,1188,14984.18797138047,8904.86419203747,23,6079.323779343,7222236.649859483,2.88985202644328
1750504064,T2016,2024-01,MA,Case Management Agency,13932781.91,722,19297.481869806095,9376.088397129188,23,9921.393472676908,7163246.087272727,3.4832971032711493
1750504064,T2016,2021-06,MA,Case Management Agency,17815221.93,1193,14933.12818943839,8928.966217765043,23,6004.161971673348,7162965.232206304,2.810085767707179
1073854451,H2016,2019-03,NJ,Day Training/Habilitation,7637543.92,1698,4497.9646171967015,339.1145939929771,36,4158.850023203724,7061727.339399924,2.7396459173050793
1750504064,T2016,2023-12,MA,Case Management Agency,13796691.76,787,17530.73921219822,8593.832794457276,23,8936.906417740944,7033345.350762122,3.4591598686967635
1750504064,T2016,2023-11,MA,Case Management Agency,13314984.89,773,17225.077477360934,8205.857026476579,23,9019.220450884355,6971857.408533607,3.5306660238902543
1750504064,T2016,2021-03,MA,Case Management Agency,18161099.44,1161,15642.635176571923,9641.817780612244,23,6000.817395959679,6966948.9967091875,2.775541956209942
1750504064,T2016,2020-10,MA,Case Management Agency,17420625.77,1103,15793.858359020851,9499.669675516225,23,6294.188683504626,6942490.117905603,2.916444587710025
1750504064,T2016,2023-10,MA,Case Management Agency,13657070.19,741,18430.594048582996,9168.775887445887,23,9261.81816113711,6863007.257402598,3.516580237167139
1750504064,T2016,2019-07,MA,Case Management Agency,16030048.1,1179,13596.308821034774,7846.885891472868,23,5749.422929561906,6778569.6339534875,2.947741806032998
1922733641,H0038,2022-12,AZ,Community/Behavioral Health,7040314.06,6059,1161.959739230896,45.388098421687374,84,1116.5716408092087,6765307.571662996,0.9858575629396087
1750504064,T2016,2019-12,MA,Case Management Agency,15943717.21,1253,12724.435123703113,7385.838172839506,23,5338.596950863607,6689261.9794320995,2.902866883682422
1750504064,T2016,2020-09,MA,Case Management Agency,16501457.97,1078,15307.474925788498,9133.083119266055,23,6174.3918065224425,6655994.367431193,3.0293685297909976
1518096411,T2016,2021-10,MA,Case Management Agency,16527951.72,1077,15346.287576601671,9225.313111702128,23,6120.974464899544,6592289.498696809,2.2525780918830054
1750504064,T2016,2020-08,MA,Case Management Agency,16829028.88,1064,15816.756466165412,9627.269297188755,23,6189.487168976657,6585614.347791163,2.96982038063172
1750504064,T2016,2020-01,MA,Case Management Agency,16149166.75,1177,13720.617459643161,8126.2595612009245,23,5594.357898442237,6584559.246466513,2.998828128836547
1750504064,T2016,2019-10,MA,Case Management Agency,16203359.04,1181,13720.033056731583,8145.607016129033,23,5574.4260406025505,6583397.153951612,2.9338759850303826
1134260078,A0100,2023-03,MO,Secured Transport,7144694.04,190145,37.5749772016093,3.0282131661442007,45,34.5467640354651,6568894.447523512,0.6755335928088076
1750504064,T2016,2019-11,MA,Case Management Agency,15571204.51,1194,13041.209807370184,7595.105164556962,23,5446.104642813221,6502648.943518986,2.8539302236260844
1750504064,T2016,2020-11,MA,Case Management Agency,17106213.35,1130,15138.241902654869,9389.724041916168,23,5748.517860738701,6495825.182634732,2.7192764205473243
1750504064,T2016,2020-07,MA,Case Management Agency,16710156.67,1016,16447.004596456693,10055.256243386242,23,6391.74835307045,6494016.326719577,2.8820658618174595
1750504064,T2016,2019-08,MA,Case Management Agency,16102765.4,1196,13463.85066889632,8055.835863013698,23,5408.014805882623,6467985.707835617,2.866859583987434
1750504064,T2016,2023-09,MA,Case Management Agency,13256458.77,741,17889.95785425101,9175.177159090908,23,8714.780695160101,6457652.495113635,3.2914046541831476
1750504064,T2016,2020-12,MA,Case Management Agency,17805539.57,1126,15813.090204262879,10109.157086247085,23,5703.933118015793,6422628.690885783,2.588082460334581
1750504064,T2016,2024-03,MA,Case Management Agency,13067146.65,751,17399.662649800266,8860.423902439024,23,8539.238747361242,6412968.299268292,3.4764665946857085
1518096411,T2016,2022-01,MA,Case Management Agency,16393317.75,1033,15869.62028073572,9698.909620253164,23,6170.710660482557,6374344.112278481,2.2363665422028975
1518096411,T2016,2022-03,MA,Case Management Agency,16504202.28,1083,15239.33728531856,9372.610864553315,23,5866.726420765244,6353664.713688759,2.2098492376433185
1750504064,T2016,2019-09,MA,Case Management Agency,15629835.9,1176,13290.676785714286,7893.585040322581,23,5397.0917453917045,6346979.892580644,2.8317349519182486
1750504064,T2016,2024-02,MA,Case Management Agency,12823869.07,741,17306.166086369773,8744.745023809524,23,8561.421062560248,6344013.007357144,3.4548447412760135
1518096411,T2016,2021-11,MA,Case Management Agency,15817566.7,1107,14288.678139114723,8561.30181122449,23,5727.376327890233,6340205.594974488,2.1818519152901956
1518096411,T2016,2021-12,MA,Case Management Agency,16190628.79,1131,14315.321653404066,8756.247396593675,23,5559.074256810391,6287312.984452552,2.0903206391147835
1750504064,T2016,2021-01,MA,Case Management Agency,18062396.6,1104,16360.866485507247,10672.01976284585,23,5688.8467226613975,6280486.781818183,2.726267374333334
1518096411,T2016,2021-09,MA,Case Management Agency,15979746.72,1069,14948.313115060806,9086.859810874705,23,5861.453304186101,6265893.582174943,2.163333172122108
1275849283,00003,2018-08,CA,Family Medicine,19505120.29,70610,276.2373642543549,188.22,69,88.01736425435487,6214906.089999998,0.3195907617366757
1518096411,T2016,2021-08,MA,Case Management Agency,16137802.44,1086,14859.854917127072,9203.360212765958,23,5656.494704361114,6142953.24893617,2.063693388194683
1518096411,T2016,2024-08,MA,Case Management Agency,16242378.78,1109,14645.968241659151,9107.211325,23,5538.756916659151,6142481.4205749985,2.5227600551536002
1518096411,T2016,2021-07,MA,Case Management Agency,16040278.84,1086,14770.05418047882,9130.142488584475,23,5639.9116918943455,6124944.097397259,2.06999856074838
1518096411,T2016,2022-05,MA,Case Management Agency,16565045.72,1146,14454.664677137871,9112.442464183381,23,5342.22221295449,6122186.656045846,2.086658181819025
1750504064,T2016,2020-02,MA,Case Management Agency,14941387.21,1150,12992.510617391305,7681.742227848102,23,5310.768389543203,6107383.647974683,2.701246764533124
1518096411,T2016,2022-04,MA,Case Management Agency,15942087.22,1114,14310.670754039498,8939.905870069606,23,5370.764883969892,5983032.08074246,2.2512899272602125
1750504064,T2016,2024-05,MA,Case Management Agency,12624669.47,743,16991.479771197846,9051.662797356828,23,7939.816973841018,5899284.011563877,3.5125083377095
1134260078,A0100,2023-01,MO,Secured Transport,6403106.7,168401,38.02297314148966,3.0,39,35.02297314148966,5897903.7,0.8373891295249133
1750504064,T2016,2024-04,MA,Case Management Agency,12406235.38,735,16879.23180952381,8886.788171846434,23,7992.443637677377,5874446.073692872,3.4430910603388645
1538144910,U0003,2021-09,NC,Clinical Lab,13037630.08,165964,78.55697669374081,43.4549356223176,35,35.10204107142321,5825675.144377681,1.314535916334113
1750504064,T2016,2024-06,MA,Case Management Agency,12305135.63,724,16996.043687845304,8970.664579439252,23,8025.379108406052,5810374.474485982,3.6019785584911275
1134260078,A0100,2022-08,MO,Secured Transport,6327629.81,180825,34.99311383934743,3.0194174757281553,39,31.973696363619275,5781643.644951455,0.8442388856627194
1275849283,00003,2018-10,CA,Family Medicine,17857996.97,63482,281.30803960177684,190.86,73,90.44803960177683,5741822.449999996,0.3366069084440343
1134260078,A0100,2022-06,MO,Secured Transport,6353088.66,204570,31.05581786185658,3.013157894736842,49,28.042659967119736,5736686.949473685,0.24515356867957425
1518098359,T1019,2021-05,MA,Case Management Agency,22901951.7,242244,94.54084187843661,70.92481459838504,44,23.61602728005157,5720840.912428812,-0.2861550050984432
1518096411,T2016,2022-02,MA,Case Management Agency,14840775.6,1077,13779.735933147633,8509.770765957446,23,5269.965167190187,5675752.485063831,2.110088754964325
1750504064,T2016,2021-02,MA,Case Management Agency,16158660.84,1103,14649.737842248413,9515.212593582886,23,5134.525248665526,5663381.349278076,2.6163411481845196
1134260078,A0100,2023-02,MO,Secured Transport,6117236.57,162497,37.64522772728112,3.0281708733762804,44,34.617056853904835,5625167.887588974,0.7560689058423546
1750504064,T2016,2020-03,MA,Case Management Agency,16472366.78,1084,15195.910313653136,10057.241169916435,23,5138.669143736701,5570317.351810584,2.7294160474309437
1134260078,A0100,2022-10,MO,Secured Transport,6073267.31,167112,36.3424967087941,3.0341943816596704,40,33.30830232713443,5566217.018492089,0.2752841223511996
1073854451,H2016,2019-04,NJ,Day Training/Habilitation,6077915.63,1544,3936.473853626943,337.35741308277727,36,3599.1164405441655,5557035.7842001915,2.5206702411380495
1518096411,T2016,2024-09,MA,Case Management Agency,16376357.05,1091,15010.409761686527,9933.210046296297,23,5077.19971539023,5539224.889490741,2.112773610291005
1134260078,A0100,2022-12,MO,Secured Transport,6013556.62,161198,37.30540465762603,3.0,38,34.30540465762603,5529962.62,1.1889566250847772
1134260078,A0100,2022-11,MO,Secured Transport,6008479.9,162205,37.04250732098271,3.046153846153846,35,33.996353474828865,5514378.515384616,0.7761421789653984
1518096411,T2016,2024-10,MA,Case Management Agency,16368985.41,1083,15114.483296398892,10028.51804964539,23,5085.965246753502,5508100.362234042,2.0108820824761016
1134260078,A0100,2022-09,MO,Secured Transport,5939090.69,150722,39.404272037260654,3.0,38,36.404272037260654,5486924.69,0.9338110842287379
1518096411,T2016,2024-07,MA,Case Management Agency,15706602.47,1141,13765.64633654689,9019.719864253395,23,4745.926472293495,5415102.104886877,2.1759879320446305
1275849283,00003,2018-09,CA,Family Medicine,16789247.28,60649,276.8264485811803,188.22,69,88.60644858118027,5373892.500000003,0.380907086636736
1699725143,A0100,2023-05,CO,Taxi,18847074.84,454830,41.437624694940965,29.640625,129,11.796999694940965,5365629.371249999,-0.07546211239463131
1134260078,A0100,2022-07,MO,Secured Transport,5846984.49,164294,35.588545473358735,3.0,40,32.588545473358735,5354102.49,0.9573595871488025
1023788031,H0004,2022-12,AZ,Community/Behavioral Health,5473415.24,1520,3600.9310789473684,84.02272727272727,209,3516.908351674641,5345700.694545454,3.040940832001235
1750504064,T2016,2023-07,MA,Case Management Agency,12231941.13,781,15661.896453265046,8891.753478260869,23,6770.142975004177,5287481.663478263,3.375608285075381
1275849283,00003,2018-05,CA,Family Medicine,16482372.83,59696,276.105146575985,188.22,69,87.88514657598498,5246391.709999999,0.4406818989913029
1750504064,T2016,2018-01,MA,Case Management Agency,13604013.34,1067,12749.778200562325,7842.369786885246,23,4907.408413677079,5236204.7773934435,2.897481214779535
1750504064,T2016,2019-03,MA,Case Management Agency,14225301.81,1141,12467.39860648554,7898.75268292683,23,4568.64592355871,5212824.998780488,2.7584874187105366
1275849283,00003,2018-06,CA,Family Medicine,16329977.91,59120,276.21748832882275,188.22,72,87.99748832882275,5202411.510000002,0.37147953583345406
1518096411,T2016,2024-01,MA,Case Management Agency,13169553.61,850,15493.59248235294,9376.088397129188,23,6117.504085223753,5199878.47244019,2.0165495897319445
1750504064,T2016,2023-08,MA,Case Management Agency,12091532.59,759,15930.872977602108,9088.630461538462,23,6842.242516063647,5193262.069692308,3.531337133450843
1376263657,H0015,2023-04,AZ,Mental Health Center,9315166.94,4818,1933.4094935657947,857.1562302041419,34,1076.253263361653,5185388.2228764435,0.9791479395558054
1922733641,H0038,2022-11,AZ,Community/Behavioral Health,5399668.56,4695,1150.0891501597443,46.0130285896676,78,1104.0761215700768,5183637.39077151,1.015636295913371
1518096411,T2016,2020-12,MA,Case Management Agency,14820176.64,954,15534.77635220126,10109.157086247085,23,5425.619265954174,5176040.779720282,2.4446296017510627
1134260078,A0100,2022-05,MO,Secured Transport,5759699.16,199463,28.876027935005492,3.0132841391786216,46,25.86274379582687,5158660.465747015,0.7716333491369118
1750504064,T2016,2019-05,MA,Case Management Agency,14478751.05,1168,12396.190967465755,7988.96731707317,23,4407.223650392584,5147637.223658538,2.6430103983596602
1750504064,T2016,2018-05,MA,Case Management Agency,13751063.56,1120,12277.735321428572,7685.823223350254,23,4591.912098078318,5142941.549847716,2.8245639988409157
1275849283,00003,2018-07,CA,Family Medicine,16762115.09,60551,276.826395765553,192.1986956521739,63,84.62770011337909,5124291.869565218,0.304740128205511
1518096411,T2016,2021-03,MA,Case Management Agency,14664643.36,990,14812.771070707071,9641.817780612244,23,5170.953290094827,5119243.757193878,2.343195396319601
1023788031,T1016,2022-12,AZ,Community/Behavioral Health,5172426.3,1524,3393.9805118110235,36.8719734345351,281,3357.1085383764885,5116233.412485768,5.9779423271592265
1750504064,T2016,2018-12,MA,Case Management Agency,13860519.23,1173,11816.299428815004,7463.04976744186,23,4353.249661373144,5106361.8527906975,2.6844821945172344
1699725143,A0100,2022-06,CO,Taxi,13534082.91,320843,42.18288355987196,26.29689637313592,122,15.885987186736042,5096907.786953952,0.08326743898881007
1518096411,T2016,2021-05,MA,Case Management Agency,14628375.06,1068,13696.980393258427,8927.487217630855,23,4769.493175627573,5093818.711570248,2.109160712147732
1699725143,A0100,2023-03,CO,Taxi,17614749.02,425300,41.417232588760875,29.495021585478497,136,11.922211003282378,5070516.339695996,-0.03781239876659394
1518096411,T2016,2022-06,MA,Case Management Agency,15957103.5,1099,14519.657415832575,9909.184762773722,23,4610.472653058852,5066909.445711679,1.6735268156248493
1750504064,T2016,2018-10,MA,Case Management Agency,13896456.45,1112,12496.813354316546,7946.574048257373,23,4550.239306059173,5059866.1083378,2.9008358884534458
1245354000,T2016,2022-06,MA,Case Management Agency,13341165.22,839,15901.269630512516,9909.184762773722,23,5992.084867738793,5027359.204032848,2.283902793411731
1518096411,T2016,2020-11,MA,Case Management Agency,14259766.61,984,14491.632733739836,9389.724041916168,23,5101.908691823668,5020278.152754489,2.380908256281971
1518096411,T2016,2020-10,MA,Case Management Agency,14746074.51,1024,14400.463388671875,9499.669675516225,23,4900.79371315565,5018412.762271386,2.2279409145154463
1518096411,T2016,2023-10,MA,Case Management Agency,13295095.22,903,14723.250520487265,9168.775887445887,23,5554.474633041378,5015690.593636365,1.9854184703319775
1750504064,T2016,2018-04,MA,Case Management Agency,13289046.28,1091,12180.610705774518,7605.015552560647,23,4575.595153213871,4991974.312156333,2.6310442861486543
1750504064,T2016,2018-11,MA,Case Management Agency,13378647.61,1182,11318.652800338408,7114.783052391799,23,4203.869747946609,4968974.042072892,2.6245886571414165
1518096411,T2016,2021-04,MA,Case Management Agency,14211450.79,1039,13678.008460057747,8904.86419203747,23,4773.144268020276,4959296.8944730675,2.208858287782572
1396756938,T1015,2018-07,CA,General Acute Care Hospital,6799595.0,7709,882.0333376572837,240.35714285714286,53,641.6761948001408,4946681.785714285,2.4954173141311977
1750504064,T2016,2018-09,MA,Case Management Agency,13455016.45,1117,12045.672739480751,7626.8426158038155,23,4418.830123676936,4935833.248147137,2.7418691308081695
1750504064,T2016,2018-03,MA,Case Management Agency,13718282.83,1091,12574.044757103575,8054.034933920704,23,4520.009823182871,4931330.717092512,2.826574992342948
1922733641,T1016,2022-12,AZ,Community/Behavioral Health,5089294.8,4552,1118.034885764499,36.8719734345351,281,1081.162912329964,4921453.576925996,1.7628215796413393
1750504064,T2016,2019-01,MA,Case Management Agency,14022476.85,1131,12398.299602122015,8059.749972752044,23,4338.549629369971,4906899.630817437,2.894581855520984
1023788031,H0004,2022-09,AZ,Community/Behavioral Health,5015643.04,1416,3542.120790960452,79.14952380952381,201,3462.971267150928,4903567.314285714,4.019743499550992
1699725143,A0100,2022-07,CO,Taxi,12840770.0,308705,41.59560097828024,25.714717617444997,126,15.880883360835242,4902508.0979066435,0.059498171668727846
1518096411,T2016,2023-09,MA,Case Management Agency,12842738.42,866,14829.951986143187,9175.177159090908,23,5654.774827052279,4897035.000227273,2.033504712406607
1518096411,T2016,2023-12,MA,Case Management Agency,13041162.03,949,13742.004246575341,8593.832794457276,23,5148.171452118066,4885614.708060044,1.86673012717241
1073854451,H2016,2019-05,NJ,Day Training/Habilitation,5360997.49,1394,3845.7657747489243,345.9090454545455,37,3499.856729294379,4878800.280636365,2.2461452504684303
1245354000,T2016,2024-08,MA,Case Management Agency,14166248.7,1020,13888.479117647059,9107.211325,23,4781.267792647059,4876893.1485,2.124005005395285
1750504064,T2016,2019-04,MA,Case Management Agency,13729755.64,1174,11694.851482112437,7551.677628032345,23,4143.1738540800925,4864086.104690028,2.7985712512163556
1356709976,T2033,2020-03,TN,Nursing Home,12837778.49,34432,372.8444031714684,232.28662840129493,30,140.55777477017347,4839685.300886612,0.8808322461365936
1699725143,A0100,2023-02,CO,Taxi,14685771.1,343442,42.760556658766255,28.739330959015177,134,14.021225699751078,4815477.79677391,-0.007237069036535227
1750504064,T2016,2018-07,MA,Case Management Agency,13666837.69,1109,12323.568701532911,7998.0028571428575,23,4325.565844390054,4797052.52142857,2.7686747265706173
1699725143,A0100,2022-05,CO,Taxi,13012451.47,313469,41.51112700139408,26.22807851723492,122,15.28304848415916,4790761.925280888,0.16360104311281354
1275849283,00003,2018-04,CA,Family Medicine,15138438.35,55028,275.1042805480846,188.22,71,86.8842805480846,4781068.1899999995,0.4547759730346625
1518096411,T2016,2021-01,MA,Case Management Agency,14645820.66,925,15833.319632432433,10672.01976284585,23,5161.299869586583,4774202.379367589,2.4463748774058924
1699725143,A0100,2023-04,CO,Taxi,16563275.71,391687,42.287019252617526,30.130252100840337,127,12.156767151777188,4761647.655378152,-0.084673780156133
1538144910,U0003,2021-08,NC,Clinical Lab,9665501.9,124826,77.43180026597024,39.285714285714285,41,38.146085980255954,4761623.3285714295,1.304239359236476
1699725143,A0100,2022-09,CO,Taxi,13840999.69,310977,44.50811375117774,29.20043763676149,127,15.30767611441625,4760335.195032822,0.03802143760748944
1184703415,T1019,2019-11,NY,Home Health Agency,15580501.78,75557,206.20858133594504,143.52158017127516,538,62.68700116466988,4736441.746998962,0.19412407355976302
1750504064,T2016,2018-08,MA,Case Management Agency,13833305.51,1124,12307.21130782918,8102.6828,23,4204.528507829181,4725890.042799999,2.749389626233695
1518096411,T2016,2024-03,MA,Case Management Agency,12716920.77,903,14082.968737541527,8860.423902439024,23,5222.5448351025025,4715957.986097559,1.9839912264864046
1699725143,A0100,2022-10,CO,Taxi,14165330.97,328794,43.082693023595326,28.752495827130776,122,14.33019719646455,4711682.8570143655,-0.009201849257157628
1134260078,A0100,2021-01,MO,Secured Transport,5333555.13,209896,25.41046580211152,3.0,51,22.41046580211152,4703867.13,4.648117308519049
1184703415,T1019,2020-05,NY,Home Health Agency,14640435.43,69973,209.22978048675918,142.18389419642858,541,67.0458862903306,4691401.801393303,0.1716600482848081
1134260078,A0100,2022-04,MO,Secured Transport,5256601.14,189393,27.75499168395875,3.0,47,24.75499168395875,4688422.14,2.9416225715038884
1518096411,T2016,2020-08,MA,Case Management Agency,14188032.62,987,14374.906403242147,9627.269297188755,23,4747.637106053391,4685917.823674697,2.1958766889982306
1699725143,A0100,2023-01,CO,Taxi,15096671.76,350991,43.01156371530894,29.67226606538895,135,13.339297649919988,4681973.421443067,0.007646404669856024
1245354000,T2016,2021-07,MA,Case Management Agency,13784311.08,999,13798.10918918919,9130.142488584475,23,4667.966700604715,4663298.73390411,1.6652603971506574
1518096411,T2016,2020-09,MA,Case Management Agency,13953330.73,1019,13693.160677134447,9133.083119266055,23,4560.0775578683915,4646719.031467891,2.1476533823884827
1023788031,T1016,2022-09,AZ,Community/Behavioral Health,4689935.7,1419,3305.0991543340383,34.52674907292954,285,3270.5724052611085,4640942.243065513,6.354322307030556
1518096411,T2016,2023-11,MA,Case Management Agency,12706027.78,983,12925.765798575787,8205.857026476579,23,4719.908772099208,4639670.322973521,1.6918481631251043
1275849283,00003,2018-03,CA,Family Medicine,14543681.9,52721,275.8612678059976,188.22,76,87.64126780599761,4620535.28,0.42808359891516445
1184703415,T1019,2020-01,NY,Home Health Agency,14738196.01,70327,209.5666815021258,143.982039800995,539,65.58464170113078,4612371.096915424,0.1869075572176886
1699725143,A0100,2022-08,CO,Taxi,14467942.01,346044,41.80954447989273,28.486777710716908,126,13.322766769175821,4610263.503872678,0.025334284249648484
1184703415,T1019,2020-03,NY,Home Health Agency,14831171.06,71369,207.80970813658593,143.21356097560977,543,64.59614716097616,4610162.4267317075,0.1703300833156399
1245354000,T2016,2021-08,MA,Case Management Agency,13892134.89,1010,13754.589,9203.360212765958,23,4551.228787234042,4596741.075106382,1.599934959885142
1134260078,A0100,2022-03,MO,Secured Transport,5173069.35,194855,26.54830181416951,3.0,44,23.54830181416951,4588504.35,2.2593522774750427
1518096411,T2016,2020-07,MA,Case Management Agency,13734042.35,913,15042.762705366922,10055.256243386242,23,4987.50646198068,4553593.399788361,2.179461540509547
1750504064,T2016,2018-02,MA,Case Management Agency,12384403.27,1078,11488.314721706864,7279.215788336934,23,4209.09893336993,4537408.650172784,2.953625279253842
1518096411,T2016,2024-02,MA,Case Management Agency,12310657.92,889,13847.759190101237,8744.745023809524,23,5103.014166291712,4536579.593833332,1.9400736736323174
1275849283,00003,2019-04,CA,Family Medicine,14256233.62,50943,279.8467624600043,190.85999999999999,76,88.98676246000431,4533252.64,0.3607199717352773
1184703415,T1019,2020-07,NY,Home Health Agency,14407503.55,69993,205.84206349206352,141.66111406096263,540,64.18094943110088,4492217.193531044,0.15455803607440863
1134260078,A0100,2020-10,MO,Secured Transport,5176987.49,230276,22.481663264951624,3.0,53,19.481663264951624,4486159.49,4.799762326583119
1275849283,00003,2018-01,CA,Family Medicine,13006479.88,47305,274.94936856569075,180.2735185185185,68,94.67585004717225,4478641.086481483,0.4353217252438146
1275849283,00003,2019-03,CA,Family Medicine,13823117.46,49185,281.0433559011894,190.85999999999999,76,90.1833559011894,4435668.36,0.32975594986364637
1275849283,00003,2019-05,CA,Family Medicine,13980023.08,50031,279.4272167256301,190.86,77,88.56721672563009,4431106.419999999,0.15658734725824502
1184703415,T1019,2020-10,NY,Home Health Agency,14165906.99,69212,204.67414595734843,140.70421153366064,543,63.96993442368779,4427487.101332279,1.4585460884403416
1750504064,T2016,2019-02,MA,Case Management Agency,12720293.71,1115,11408.335165919283,7441.66909090909,23,3966.666075010193,4422832.673636365,2.9190648319314856
1750504064,T2016,2020-04,MA,Case Management Agency,15570070.6,982,15855.469042769857,11352.198260869565,23,4503.270781900292,4422211.9078260865,2.5489849235378537
1518096411,T2016,2021-06,MA,Case Management Agency,14063209.47,1083,12985.419639889198,8928.966217765043,23,4056.4534221241556,4393139.05616046,1.7696979271298183
1184703415,T1019,2019-12,NY,Home Health Agency,14593139.19,70510,206.96552531555807,145.03628779979144,543,61.92923751576663,4366630.537236705,0.3106362907054018
1134260078,A0100,2020-12,MO,Secured Transport,5040442.57,228599,22.049276549766187,3.0106703094704503,54,19.038606240295735,4352206.347925365,3.9410896174414667
1699725143,A0100,2022-11,CO,Taxi,14631290.94,336091,43.533718367942015,30.597734597354762,122,12.935983770587253,4347667.72144044,-0.031272858711553164
1518096411,T2016,2021-02,MA,Case Management Agency,13042112.22,920,14176.20893478261,9515.212593582886,23,4660.996341199723,4288116.633903746,2.3571775085399036
1518096411,T2016,2020-01,MA,Case Management Agency,13352994.47,1117,11954.337036705461,8126.2595612009245,23,3828.077475504537,4275962.540138568,1.9885062234443946
1518098359,T1019,2021-07,MA,Case Management Agency,26184185.26,249438,104.97271971391689,87.83582089552239,69,17.1368988183945,4274593.767462688,-0.21932190689154377
1184703415,T1019,2021-01,NY,Home Health Agency,13802496.73,67091,205.72799227914325,142.11803376864998,548,63.60995851049327,4267655.726427504,1.3552717218970083
1184703415,T1019,2021-04,NY,Home Health Agency,13584058.37,65845,206.30356701344064,141.62747471665145,542,64.6760922967892,4258597.297282085,0.6753203256745801
1245354000,T2016,2024-10,MA,Case Management Agency,14645973.85,1036,14137.040395752896,10028.51804964539,23,4108.522346107506,4256429.150567376,1.5493987124082422
1023788031,H0004,2022-11,AZ,Community/Behavioral Health,4350892.64,1201,3622.724929225645,81.57842857142857,213,3541.1465006542167,4252916.947285715,3.184459624266307
1184703415,T1019,2020-09,NY,Home Health Agency,13280604.45,64135,207.07265065876666,141.0864681382757,537,65.98618252049096,4232023.815951687,1.2932980279645436
1023788031,H0004,2022-10,AZ,Community/Behavioral Health,4328318.48,1202,3600.9305158069888,83.23102123557403,210,3517.6994945714146,4228274.792474841,3.4193572810201625
1518096411,T2016,2024-04,MA,Case Management Agency,12075287.49,883,13675.297270668178,8886.788171846434,23,4788.5090988217435,4228253.5342596,1.9436444113977165
1134260078,A0100,2020-09,MO,Secured Transport,4670495.86,211526,22.080008415041178,2.107447237230962,52,19.972561177810217,4224715.975697484,5.171697378262977
1356709976,T2033,2020-05,TN,Nursing Home,11764195.53,32108,366.39452877787465,235.34270270270272,31,131.05182607517193,4207812.03162162,0.8779393346002052
1750504064,T2016,2019-06,MA,Case Management Agency,13985543.01,1154,12119.188050259965,8485.904,23,3633.2840502599647,4192809.7939999993,2.3109158077695136
1518098359,T1019,2021-08,MA,Case Management Agency,25891430.0,242275,106.86793932514705,89.58391244493393,70,17.28402688021312,4187487.6124036335,-0.2151476863214971
1518096411,T2016,2019-09,MA,Case Management Agency,12785389.08,1092,11708.231758241758,7893.585040322581,23,3814.646717919177,4165594.215967741,1.9257408163349725
1518096411,T2016,2020-03,MA,Case Management Agency,13535889.05,932,14523.486105150216,10057.241169916435,23,4466.244935233781,4162540.279637884,2.331542298709934
1184703415,T1019,2019-01,NY,Home Health Agency,13633611.74,67409,202.2520989778813,140.5036252904316,483,61.74847368744972,4162402.862797298,1.8470628052238882
1699725143,A0100,2022-12,CO,Taxi,14413049.03,336537,42.82753168299474,30.50066143546026,118,12.32687024753448,4148447.9324945114,-0.026035766515146927
1245354000,T2016,2024-07,MA,Case Management Agency,13339111.01,1019,13090.393532875369,9019.719864253395,23,4070.673668621974,4148016.4683257914,1.827814483220034
1184703415,T1019,2019-03,NY,Home Health Agency,13204896.74,63568,207.72868015353637,142.80900434099937,487,64.91967581253701,4126813.9520513527,1.994690328040327
1346974763,T1016,2023-02,AZ,Mental Health Center,4425832.74,6896,641.7970910672855,44.478248534297435,96,597.318842532988,4119110.738107485,0.4945624788342816
1245354000,T2016,2021-12,MA,Case Management Agency,13812657.45,1108,12466.297337545126,8756.247396593675,23,3710.0499409514505,4110735.334574207,1.3083024944659962
1134260078,A0100,2020-08,MO,Secured Transport,4122348.01,198645,20.752337134083415,0.0648972892790994,20,20.687439844804317,4109456.4879711536,4.1047337299425
1245354000,T2016,2021-09,MA,Case Management Agency,13383321.83,1021,13108.052722820765,9086.859810874705,23,4021.19291194606,4105637.9630969274,1.3953831899463136
1518096411,T2016,2019-12,MA,Case Management Agency,12747463.23,1171,10885.963475661827,7385.838172839506,23,3500.125302822321,4098646.7296049376,1.8260240799308074
1518096411,T2016,2019-10,MA,Case Management Agency,13106442.98,1106,11850.310108499096,8145.607016129033,23,3704.703092370063,4097401.62016129,1.8754989250497092
1184703415,T1019,2021-07,NY,Home Health Agency,13443878.8,65340,205.75265993265995,143.06184169278998,545,62.69081823986997,4096218.0637931037,1.4202792455859603
1134260078,A0100,2020-11,MO,Secured Transport,4714111.84,205976,22.886704470423737,3.0,54,19.886704470423737,4096183.84,4.7177019420338615
1518096411,T2016,2019-11,MA,Case Management Agency,12722757.39,1137,11189.760237467019,7595.105164556962,23,3594.6550729100563,4087122.817898734,1.821324517731154
1518096411,T2016,2024-05,MA,Case Management Agency,12246665.13,902,13577.234068736143,9051.662797356828,23,4525.571271379315,4082065.286784142,1.8805153015821519
1245354000,T2016,2024-09,MA,Case Management Agency,14126585.19,1012,13959.076274703557,9933.210046296297,23,4025.8662284072598,4074176.623148147,1.6030710855100319
1518096411,T2016,2020-02,MA,Case Management Agency,12316053.28,1075,11456.793748837208,7681.742227848102,23,3775.0515209891064,4058180.385063289,1.839193597046246
1750504064,T2016,2024-07,MA,Case Management Agency,10755609.31,743,14475.921009421267,9019.719864253395,23,5456.201145167872,4053957.4508597287,2.542219336228082
1699725143,A0100,2022-04,CO,Taxi,13286953.3,348392,38.13794030861788,26.51507763130362,126,11.62286267731426,4049312.3738748697,0.06531559466302818
1023788031,T1016,2022-11,AZ,Community/Behavioral Health,4090395.2,1205,3394.518838174274,34.14461577469184,286,3360.3742223995823,4049250.9379914966,6.419347473628397
1922733641,T1016,2022-11,AZ,Community/Behavioral Health,4177474.2,3817,1094.4391406864029,34.14461577469184,286,1060.294524911711,4047144.201588001,1.8774519084645314
1184703415,T1019,2020-06,NY,Home Health Agency,13041380.06,63164,206.46855898929772,142.55580112570357,535,63.91275786359415,4036985.437696061,0.1827447997614172
1134250475,T2016,2021-12,MA,Case Management Agency,14893078.29,1242,11991.206352657004,8756.247396593675,23,3234.9589560633285,4017819.023430654,1.1073696201089682
1720151046,T1019,2020-11,NY,Home Health Agency,18428147.87,103220,178.5327249564038,139.77804641122503,545,38.75467854517876,4000257.919433352,0.7589812976806659
1023788031,T1016,2022-10,AZ,Community/Behavioral Health,4041512.0,1203,3359.527847049044,34.68045881348698,284,3324.847388235557,3999791.4080473753,5.321070518834846
1134250475,T2016,2022-01,MA,Case Management Agency,14915335.82,1126,13246.301793960924,9698.909620253164,23,3547.39217370776,3994363.5875949375,1.1399137344611587
1184703415,T1019,2020-02,NY,Home Health Agency,13427027.9,65018,206.51247193084993,145.1111696612013,540,61.401302269648625,3992189.8709680145,0.1699757070600391
1720151046,T1019,2020-10,NY,Home Health Agency,19236067.16,108533,177.23703537173026,140.70421153366064,543,36.53282383806962,3965016.96961721,0.7767942088652074
1184703415,T1019,2020-12,NY,Home Health Agency,12932052.67,63721,202.9480496225734,140.76208295350958,543,62.185966669063816,3962551.9821194154,1.3389434690049582
1134260078,A0100,2020-07,MO,Secured Transport,4045018.01,202034,20.02147168298405,0.4100590291587298,20,19.61141265382532,3962172.1441029445,1.852381792772459
1750504064,T2016,2018-06,MA,Case Management Agency,13341112.87,1089,12250.792350780532,8617.20173493976,23,3633.5906158407724,3956980.180650601,2.4068534922123312
1134250475,T2016,2021-07,MA,Case Management Agency,14679180.03,1175,12492.919174468085,9130.142488584475,23,3362.7766858836094,3951262.605913241,1.1217520562070207
1245354000,T2016,2022-03,MA,Case Management Agency,13715916.96,1042,13163.068099808062,9372.610864553315,23,3790.4572352547475,3949656.4391354467,1.3527653953577619
1023788031,H0004,2022-08,AZ,Community/Behavioral Health,4017705.62,1133,3546.07733451015,79.74354003359463,210,3466.3337944765553,3927356.189141937,2.9759135451336216
1245354000,T2016,2021-06,MA,Case Management Agency,12310545.29,939,13110.271874334398,8928.966217765043,23,4181.305656569355,3926246.0115186246,1.8363889865369172
1699725143,A0100,2022-03,CO,Taxi,13853550.38,371074,37.33365953960666,26.773366380999725,122,10.560293158606932,3918650.2235369086,0.09518756210827746
1184703415,T1019,2020-08,NY,Home Health Agency,12796759.78,62587,204.46354322782685,142.02642558582636,538,62.43711764200049,3907751.8818598846,0.1868460864762194
1245354000,T2016,2021-11,MA,Case Management Agency,13503546.31,1121,12045.982435325603,8561.30181122449,23,3484.6806241011127,3906326.9796173475,1.2416348896460747
1073854451,H2016,2019-06,NJ,Day Training/Habilitation,4332539.18,1223,3542.5504333605886,350.4760529318474,38,3192.0743804287413,3903906.9672643505,2.018073249966961
1245354000,T2016,2022-01,MA,Case Management Agency,13670521.39,1007,13575.492939424032,9698.909620253164,23,3876.583319170868,3903719.402405064,1.2775037974086814
1518096411,T2016,2019-07,MA,Case Management Agency,12809876.98,1135,11286.235224669605,7846.885891472868,23,3439.3493331967366,3903661.493178296,1.6462238346774472
1023788031,T1016,2022-07,AZ,Community/Behavioral Health,3940550.4,1388,2839.0132564841497,32.009454044117646,276,2807.003802440032,3896121.2777867643,6.190465299964631
1134250475,T2016,2022-06,MA,Case Management Agency,14337522.33,1054,13602.962362428843,9909.184762773722,23,3693.777599655121,3893241.5900364975,1.2685444091228057
1245354000,T2016,2022-02,MA,Case Management Agency,12384846.33,998,12409.665661322646,8509.770765957446,23,3899.8948953652,3892095.1055744695,1.4897664359253149
1346974763,T1016,2023-01,AZ,Mental Health Center,4125740.4,5361,769.5841074426413,43.86458947918423,98,725.7195179634571,3890582.335802093,0.7378876658256798
1356709976,T2033,2018-10,TN,Nursing Home,10096417.61,30081,335.6410229048236,206.3687023977433,31,129.2723205070803,3888640.673173483,0.7788564249396236
1356709976,T2033,2023-10,TN,Nursing Home,10489724.46,20293,516.9134410880599,325.3106558467665,30,191.60278524129342,3888195.320901567,0.6250790083843034
1184703415,T1019,2021-10,NY,Home Health Agency,13114243.21,63256,207.32014686353864,145.90740944017563,549,61.41273742336301,3884724.1184522505,1.0381757003877639
1396756938,T1015,2019-07,CA,General Acute Care Hospital,5092888.0,5263,967.67775033251,230.4749230769231,55,737.2028272555868,3879898.4798461534,2.284795418964226
1356709976,T2033,2024-01,TN,Nursing Home,10390544.97,19947,520.9076537825238,326.6220240137221,31,194.28562976880164,3875415.4569982863,0.6034431262138602
1184703415,T1019,2021-03,NY,Home Health Agency,12618262.7,61945,203.7010686899669,141.45477169281145,546,62.24629699715544,3855846.8674887936,0.6268854817759829
1356709976,T2033,2023-12,TN,Nursing Home,10257459.85,19693,520.8683212308943,325.1653475935829,31,195.70297363731135,3853978.6598395724,0.6048019442653714
1275849283,00003,2019-01,CA,Family Medicine,11845516.65,41944,282.4126609288575,190.85999999999999,75,91.55266092885753,3840084.8100000005,0.35494052227679374
1184703415,T1019,2020-11,NY,Home Health Agency,12580839.44,62546,201.14538803440666,139.77804641122503,545,61.36734162318163,3838281.749163518,1.2880071571376046
1275849283,00003,2020-01,CA,Family Medicine,12554923.65,43841,286.3740254556237,198.96,74,87.41402545562372,3832318.289999999,0.03701028863291151
1023788031,H0004,2023-01,AZ,Community/Behavioral Health,3913126.8,1088,3596.6238970588233,83.62885722187104,214,3512.9950398369524,3822138.6033426044,3.7952276216606067
1518096411,T2016,2019-08,MA,Case Management Agency,12929249.7,1131,11431.697347480105,8055.835863013698,23,3375.861484466407,3818099.3389315065,1.693749831895103
1356709976,T2033,2024-03,TN,Nursing Home,10302811.79,19971,515.8886280106153,325.1582478346337,30,190.73038017598162,3809076.422494529,0.5535114731804217
1356709976,T2033,2024-05,TN,Nursing Home,10179171.38,19603,519.2659990817732,325.31910898278807,29,193.94689009898514,3801940.8866104055,0.5758756853380119
1184703415,T1019,2019-02,NY,Home Health Agency,12144925.98,59189,205.18890300562606,140.97138054363376,485,64.2175224619923,3800970.9370028623,1.9451082687905858
1275849283,00003,2018-02,CA,Family Medicine,11994994.38,43539,275.4999972438504,188.22,63,87.27999724385037,3800083.8000000017,0.36136600757151727
1134250475,T2016,2021-10,MA,Case Management Agency,14870316.99,1201,12381.6128143214,9225.313111702128,23,3156.2997026192716,3790715.942845745,1.0439742232139657
1134260078,A0100,2022-01,MO,Secured Transport,4286471.77,168542,25.43266230375811,3.0,40,22.43266230375811,3780845.7699999996,2.4750033567491934
1184703415,T1019,2019-10,NY,Home Health Agency,13666227.56,69526,196.56283347237004,142.2847715409267,539,54.27806193144335,3773736.53384553,0.8190220460842694
1184703415,T1019,2021-12,NY,Home Health Agency,12879006.07,62180,207.12457494371182,146.44140478668055,545,60.68317015703127,3773279.5203642044,1.3747573176470398
1720151046,T1019,2020-09,NY,Home Health Agency,18797655.99,106568,176.39118675399743,141.0864681382757,537,35.304718615721725,3762353.253440233,0.6169537178761987
1699725143,A0100,2018-08,CO,Taxi,7315330.29,160212,45.6603143959254,22.177048780487805,135,23.483265615437592,3762300.9507804876,0.38916290983000557
1134250475,T2016,2024-08,MA,Case Management Agency,14113012.17,1137,12412.499709762533,9107.211325,23,3305.2883847625326,3758112.8934749993,1.347024553034563
1720151046,T1019,2020-12,NY,Home Health Agency,18375841.94,103857,176.93407223393706,140.76208295350958,543,36.17198928042748,3756714.290697357,0.7235730456204763
1275849283,00003,2019-06,CA,Family Medicine,11943831.16,42497,281.0511603171989,192.87124352331608,76,88.1799167938828,3747381.9239896373,0.167556954220552
1184703415,T1019,2021-06,NY,Home Health Agency,12116779.01,58761,206.20443848811286,142.5749336667066,548,63.62950482140624,3738933.3328106524,1.418619110161415
1356709976,T2033,2018-08,TN,Nursing Home,10046359.71,30107,333.68850134520216,209.7096047803999,30,123.97889656480226,3732632.6388765015,0.7644237527762361
1134250475,T2016,2021-08,MA,Case Management Agency,14843897.39,1208,12287.994528145697,9203.360212765958,23,3084.634315379739,3726238.2529787244,0.9845667152888354
1023788031,T1016,2022-08,AZ,Community/Behavioral Health,3759736.6,1136,3309.6272887323944,33.125165042752045,286,3276.5021236896423,3722106.4125114335,9.876287450746814
1356709976,T2033,2018-07,TN,Nursing Home,10040462.55,29932,335.44242115461714,211.64213313161878,31,123.80028802299836,3705590.2211043867,0.7682643446817599
1518096411,T2016,2024-06,MA,Case Management Agency,11724509.76,894,13114.664161073826,8970.664579439252,23,4143.9995816345745,3704735.6259813095,1.7579746499559585
1275849283,00003,2019-02,CA,Family Medicine,12035981.49,43723,275.27803421540153,190.85999999999999,73,84.41803421540155,3691009.710000002,0.2638737872506224
1356709976,T2033,2023-11,TN,Nursing Home,9957853.52,19264,516.915153654485,325.4055327974446,30,191.50962085704043,3689241.3361900267,0.6027409652458846
1699725143,A0100,2019-04,CO,Taxi,10391921.01,296446,35.05502185895576,22.612518796992482,150,12.44250306196328,3688530.2627067664,0.16822399676297736
1356709976,T2033,2023-01,TN,Nursing Home,10291436.59,21801,472.0625930003211,302.8745872861206,32,169.18800571420053,3688467.7125752857,0.6054770007704808
1245354000,T2016,2022-05,MA,Case Management Agency,13823605.16,1114,12408.981292639139,9112.442464183381,23,3296.5388284557575,3672344.2548997137,1.2006073756508309
1245354000,T2016,2021-05,MA,Case Management Agency,12680072.38,1009,12566.969653121903,8927.487217630855,23,3639.482435491049,3672237.777410468,1.542841315658098
1245354000,T2016,2021-10,MA,Case Management Agency,13964715.62,1116,12513.186039426522,9225.313111702128,23,3287.8729277243947,3669266.1873404244,1.09761245392262
1184703415,T1019,2021-05,NY,Home Health Agency,12173215.85,59418,204.87421067689925,143.12738440616502,545,61.74682627073423,3668872.9233544865,0.702045765789881
1518098359,T1019,2021-09,MA,Case Management Agency,25099190.0,235190,106.71878056039797,91.1710897083104,70,15.54769085208757,3656661.4115024754,-0.21467963351027916
1699725143,A0100,2018-07,CO,Taxi,6856413.14,140640,48.75151550056883,22.77027027027027,129,25.98124523029856,3654002.3291891892,0.46474212949825683
1023788031,T1016,2023-01,AZ,Community/Behavioral Health,3690748.8,1086,3398.4795580110494,35.36015341701534,307,3363.119404594034,3652347.673389121,8.171139199063868
1356709976,T2033,2019-01,TN,Nursing Home,10043353.93,29569,339.6582207717542,216.30729654978435,31,123.35092422196985,3647363.4783194265,0.7813129731443896
1356709976,T2033,2024-06,TN,Nursing Home,9701100.64,18701,518.7476947756804,323.75008004430026,28,194.99761473138017,3646650.3930915403,0.5613235432740147
1245354000,T2016,2020-02,MA,Case Management Agency,9948417.42,821,12117.439001218027,7681.742227848102,23,4435.696773369925,3641707.050936708,2.2100375618821975
1356709976,T2033,2022-08,TN,Nursing Home,10652732.27,22662,470.0702616715206,309.8277254816111,32,160.24253618990952,3631416.3551357295,0.6269391291712125
1518096411,T2016,2018-04,MA,Case Management Agency,11217282.05,998,11239.761573146294,7605.015552560647,23,3634.746020585647,3627476.528544476,2.0332894127751784
1720151046,T1019,2020-06,NY,Home Health Agency,18420524.85,103774,177.50616580260953,142.55580112570357,535,34.95036467690596,3626939.1439812393,0.05767972341213403
1356709976,T2033,2022-10,TN,Nursing Home,10471966.91,22255,470.54445787463493,308.09713632257535,32,162.44732155205958,3615265.141141086,0.6175725098840784
1356709976,T2033,2019-05,TN,Nursing Home,9864259.25,28568,345.2905086110333,218.8626403743625,32,126.4278682366708,3611791.3397852117,0.8270768021756875
1356709976,T2033,2024-04,TN,Nursing Home,9996266.2,19363,516.2560656922997,329.9863187342353,30,186.2697469580644,3606741.110349001,0.567916006243534
1356709976,T2033,2019-03,TN,Nursing Home,9999499.04,29207,342.3665230937789,219.0172164579952,32,123.34930663578368,3602663.198911334,0.776636819769329
1356709976,T2033,2022-07,TN,Nursing Home,10636410.22,22664,469.3086048358631,310.44785276420987,32,158.86075207165322,3600420.084951949,0.6369689550018336
1356709976,T2033,2019-08,TN,Nursing Home,9942288.24,28350,350.6979978835979,223.77937336814622,33,126.91862451545168,3598143.005013055,0.9109678938454949
1356709976,T2033,2024-02,TN,Nursing Home,9618935.73,18620,516.5916074113857,323.39801247519136,29,193.1935949361943,3597264.737711938,0.5523931638081133
1184703415,T1019,2023-12,NY,Home Health Agency,12846848.6,56151,228.79109187725953,164.81095351586424,556,63.98013836139529,3592548.749130707,1.3986969897412511
1720151046,T1019,2021-01,NY,Home Health Agency,17432085.93,97411,178.95397778484977,142.11803376864998,548,36.83594401619979,3588226.142562038,0.7331000278666301
1184703415,T1019,2023-03,NY,Home Health Agency,13366289.39,59317,225.33657113475059,165.02191356982522,548,60.31465756492537,3577684.5427786782,0.5441265123502841
1184703415,T1019,2021-11,NY,Home Health Agency,12095294.62,58514,206.7077044809789,145.59509095318944,543,61.11261352778945,3575943.467965072,1.0655807084290232
1134250475,T2016,2021-09,MA,Case Management Agency,14397320.68,1191,12088.43046179681,9086.859810874705,23,3001.5706509221054,3574870.6452482278,0.9698896562696658
1184703415,T1019,2020-04,NY,Home Health Agency,12568192.25,62947,199.66308561170507,142.93240146791265,540,56.730684143792416,3571026.3747993014,0.1470474923315268
1184703415,T1019,2021-02,NY,Home Health Agency,11710205.14,57389,204.04964609942672,141.83838243631658,540,62.211263663110145,3570242.210362228,1.3212412003594813
1356709976,T2033,2018-12,TN,Nursing Home,9975240.91,29540,337.68588050101556,217.19986382636654,31,120.48601667464902,3559156.932569132,0.7345157744122428
1184703415,T1019,2021-08,NY,Home Health Agency,11840084.38,57602,205.54988333738413,143.83972727976294,548,61.71015605762119,3554628.409231096,1.4077724610432667
1356709976,T2033,2023-03,TN,Nursing Home,10025197.66,21227,472.28518679040843,304.95752475247525,31,167.32766203793318,3551864.2820792077,0.575999783855803
1184703415,T1019,2021-09,NY,Home Health Agency,12000677.05,58558,204.93659363366237,144.34750383435585,549,60.58908979930652,3547975.920467791,1.41539803122787
1720151046,T1019,2020-08,NY,Home Health Agency,18665990.76,106455,175.34160687614485,142.02642558582636,538,33.31518129031849,3546567.624260855,0.06138430329611473
1518096411,T2016,2018-01,MA,Case Management Agency,11654416.28,1034,11271.195628626692,7842.369786885246,23,3428.8258417414463,3545405.9203606555,1.9158806576170264
1699725143,A0100,2019-05,CO,Taxi,10333336.74,287530,35.93829075226933,23.616361156573923,141,12.321929595695408,3542924.416650301,0.13872795448146288
1679525919,G0463,2024-02,OH,General Acute Care Hospital,6730865.87,54592,123.293996739449,58.48942270015139,72,64.80457403929762,3537811.3059533355,1.99820694625294
1720151046,T1019,2022-10,NY,Home Health Agency,17904562.3,88753,201.73472784018568,161.89589307088707,553,39.838834769298614,3535816.1022795597,0.9345928910534743
1699725143,A0100,2021-07,CO,Taxi,11727600.08,305211,38.42456556284014,26.841509041779254,97,11.583056521060882,3535276.263849513,0.12629081140385057
1184703415,T1019,2023-06,NY,Home Health Agency,12888158.29,56859,226.66874707610052,164.507265625,559,62.161481451100514,3534439.673828124,0.5881451181034231
1356709976,T2033,2023-09,TN,Nursing Home,10153701.86,19744,514.2677198136142,335.5592077464789,31,178.70851206713536,3528420.8622535206,0.6150300482113321
1356709976,T2033,2023-08,TN,Nursing Home,10616158.24,20624,514.7477812257564,343.77095070422536,31,170.97683052153104,3526226.152676056,0.6137008423054221
1356709976,T2033,2019-06,TN,Nursing Home,9570248.79,27757,344.7868570090427,217.7656547547532,32,127.0212022542895,3525727.5109723136,0.8217192035433972
1134250475,T2016,2021-11,MA,Case Management Agency,14482270.48,1280,11314.2738125,8561.30181122449,23,2752.9720012755097,3523804.1616326524,0.9348768645475731
1356709976,T2033,2022-09,TN,Nursing Home,10233365.2,21764,470.1968939533174,308.30979149161453,32,161.88710246170285,3523310.897976501,0.6229370255124053
1356709976,T2033,2019-04,TN,Nursing Home,9664719.05,28023,344.88523891089466,219.17084476348015,32,125.71439414741451,3522894.4671929968,0.7781984182051315
1356709976,T2033,2018-11,TN,Nursing Home,9791406.95,28914,338.63896209448706,217.0892433936022,31,121.54971870088485,3514488.5665173847,0.7463493901664213
1134260078,A0100,2023-04,MO,Secured Transport,4065296.61,163988,24.790207881064468,3.391304347826087,45,21.398903533238382,3509163.3926086957,0.11968767918863049
1356709976,T2033,2021-08,TN,Nursing Home,10690887.5,24899,429.3701554279288,288.46110528978176,30,140.90905013814705,3508494.4393897234,0.5418008148208593
1184703415,T1019,2023-09,NY,Home Health Agency,12787929.23,56119,227.87165184696806,165.3924764890282,555,62.47917535793985,3506268.8419122268,1.6517066806106764
1699725143,A0100,2021-05,CO,Taxi,10676810.3,281093,37.983195241432554,25.521828477390276,100,12.461366764042278,3502802.967804936,0.09489857035993078
1356709976,T2033,2023-07,TN,Nursing Home,10544347.96,20613,511.53873574928446,341.64879858657247,31,169.889937162712,3501941.2747349823,0.5805966258929955
1184703415,T1019,2018-12,NY,Home Health Agency,12032013.14,64604,186.2425413287103,132.04253360425133,465,54.20000772445897,3501537.2990309475,1.5327371859071097
1720151046,T1019,2021-05,NY,Home Health Agency,17781323.58,99779,178.20707343228534,143.12738440616502,545,35.07968902612032,3500216.2913372596,0.3567914131282137
1134250475,T2016,2022-05,MA,Case Management Agency,14884262.85,1250,11907.41028,9112.442464183381,23,2794.967815816619,3493709.7697707736,0.9833609515623815
1720151046,T1019,2023-08,NY,Home Health Agency,16793243.08,80921,207.5263909244819,164.38283088957382,556,43.14356003490806,3491220.0215847953,1.094597346584446
1720151046,T1019,2023-07,NY,Home Health Agency,16358696.13,77961,209.83178935621658,165.08683929692407,557,44.744950059292506,3488361.051572503,0.3818530452773192
1720151046,T1019,2022-11,NY,Home Health Agency,17636850.26,87334,201.94712551812583,162.0590312163617,557,39.88809430176414,3483586.8277502693,0.8993596875155713
1750504064,T2016,2020-05,MA,Case Management Agency,16019931.48,955,16774.797361256544,13130.301858037577,23,3644.4955032189664,3480493.205574113,2.311651993932585
1619683687,H2014,2023-04,AZ,Community/Behavioral Health,3937948.77,6664,590.9286869747899,68.89653465346535,163,522.0321523213246,3478822.263069307,2.353454212777603
1720151046,T1019,2020-07,NY,Home Health Agency,19097800.16,110257,173.21167962124855,141.66111406096263,540,31.550565560285918,3478670.7069804445,0.025341269177066417
1356709976,T2033,2021-10,TN,Nursing Home,10420250.62,24541,424.60578705024244,282.8800269008249,30,141.72576014941757,3478091.8798268563,0.5097408439955842
1396756938,T1015,2018-10,CA,General Acute Care Hospital,4529120.08,4841,935.5753108861805,217.83303583502365,54,717.7422750511569,3474590.3535226504,2.9936831982825205
1356709976,T2033,2019-07,TN,Nursing Home,9899884.67,28421,348.3299204813342,226.15975155164597,32,122.17016892968826,3472198.37115067,0.9041220754045922
1356709976,T2033,2019-10,TN,Nursing Home,9874983.49,28040,352.1748748216833,228.57796916037518,32,123.59690566130814,3465657.23474308,0.8882700664288192
1356709976,T2033,2018-09,TN,Nursing Home,9679788.95,29019,333.56728178090214,214.50738723138352,32,119.05989454951862,3454999.0799324806,0.803695608723197
1518096411,T2016,2023-08,MA,Case Management Agency,11883896.84,928,12805.923318965517,9088.630461538462,23,3717.2928574270554,3449647.7716923077,1.7733920463738557
1356709976,T2033,2022-12,TN,Nursing Home,10261437.21,21849,469.6524879857202,311.8488848224622,32,157.803603163258,3447850.925514024,0.5907988075624545
1720151046,T1019,2024-03,NY,Home Health Agency,15530156.57,71919,215.9395510226783,168.01469724297863,551,47.924853779699674,3446707.558982221,1.0056596747799365
1245354000,T2016,2019-07,MA,Case Management Agency,10410661.39,888,11723.717781531532,7846.885891472868,23,3876.8318900586637,3442626.7183720935,1.8927057696280456
1134250475,T2016,2024-10,MA,Case Management Agency,14983437.3,1151,13017.756125108603,10028.51804964539,23,2989.238075463212,3440613.024858157,1.0209473042088508
1023788031,H0004,2022-07,AZ,Community/Behavioral Health,3515983.8,992,3544.3385080645157,76.89991525423729,203,3467.4385928102784,3439699.0840677964,3.6251171494541112
1720151046,T1019,2023-10,NY,Home Health Agency,16337882.79,78408,208.37009986225894,164.52783510916282,558,43.84226475309612,3437584.2947607604,0.9664744745999324
1720151046,T1019,2021-07,NY,Home Health Agency,17848333.16,100733,177.18456871134583,143.06184169278998,545,34.12272701855585,3437284.6607601866,0.7167775584217438
1720151046,T1019,2024-01,NY,Home Health Agency,15865945.67,74513,212.92855837236456,166.84817117010186,554,46.0803872022627,3433587.8916022005,0.9665624933881574
1356709976,T2033,2022-03,TN,Nursing Home,10008123.01,23299,429.55161208635565,282.2142027455121,31,147.33740934084352,3432814.300232313,0.6065685961425296
1518098359,T1019,2020-05,MA,Case Management Agency,23745036.25,238501,99.559482979107,85.17895833333334,59,14.380524645773662,3429769.508541664,-0.1877981090067817
1356709976,T2033,2019-09,TN,Nursing Home,9588319.36,27246,351.9165881230272,226.17680898876404,33,125.73977913426319,3425906.022292135,0.921893587556908
1245354000,T2016,2020-12,MA,Case Management Agency,12339475.06,882,13990.334535147393,10109.157086247085,23,3881.1774489003074,3423198.509930071,1.6485693556255916
1518096411,T2016,2023-07,MA,Case Management Agency,11789781.51,941,12528.99204038257,8891.753478260869,23,3637.2385621217018,3422641.4869565214,1.6498027590517097
1720151046,T1019,2023-12,NY,Home Health Agency,15750388.05,74843,210.44570701334794,164.81095351586424,556,45.6347534974837,3415441.8560121725,0.9646916161180138
1356709976,T2033,2019-12,TN,Nursing Home,9699007.39,27502,352.6655294160425,228.6633457943925,31,124.00218362164998,3410308.0539626176,0.8081735357412348
1376263657,H0015,2023-02,AZ,Mental Health Center,3929633.4,645,6092.45488372093,806.5360302640051,26,5285.918853456926,3409417.660479717,2.4052597276661367
1720151046,T1019,2021-04,NY,Home Health Agency,17233458.73,97634,176.5108336235328,141.62747471665145,542,34.88335890688134,3405801.8635144527,0.32028165057765473
1720151046,T1019,2022-12,NY,Home Health Agency,17854273.55,88773,201.1227912766269,162.7708953357509,557,38.351895940876005,3404612.8583593857,0.907211766814836
1518096411,T2016,2018-03,MA,Case Management Agency,11510532.74,1007,11430.519106256206,8054.034933920704,23,3376.484172335502,3400119.5615418507,2.0904586789387767
1134260078,A0100,2024-05,MO,Secured Transport,4483481.38,93007,48.205848807079036,11.652826086956523,348,36.55302272012251,3399686.9841304347,3.2379565252817346
1275849283,00003,2018-11,CA,Family Medicine,10484747.32,37123,282.4326514559707,190.86,71,91.57265145597069,3399451.5399999996,0.35597076792683957
1720151046,T1019,2021-06,NY,Home Health Agency,17474470.39,98745,176.9656224618968,142.5749336667066,548,34.39068879519019,3395908.565081055,0.7176476042546612
1134250475,T2016,2024-09,MA,Case Management Agency,14657447.8,1134,12925.438977072312,9933.210046296297,23,2992.2289307760147,3393187.607500001,1.101947943487484
1245354000,T2016,2021-03,MA,Case Management Agency,12608257.86,956,13188.554246861924,9641.817780612244,23,3546.7364662496802,3390680.0617346945,1.4970031687697252
1720151046,T1019,2021-08,NY,Home Health Agency,17503808.42,98136,178.36276616124564,143.83972727976294,548,34.523038881482705,3387952.943673187,0.7382737373383903
1134250475,T2016,2021-06,MA,Case Management Agency,13496922.62,1133,11912.553062665489,8928.966217765043,23,2983.5868449004465,3380403.895272206,1.1966156034095938
1356709976,T2033,2022-11,TN,Nursing Home,10007361.67,21295,469.9395008217891,311.4432215500945,32,158.49627927169462,3375178.267090737,0.59294857509117
1356709976,T2033,2018-01,TN,Nursing Home,9567204.74,30915,309.468049167071,200.6405238095238,37,108.82752535754719,3364402.9464285714,0.8518814521929107
1184703415,T1019,2022-01,NY,Home Health Agency,11558436.53,55225,209.29717573562698,148.38387639812436,544,60.91329933750262,3363936.9559135824,1.3650985527176105
1184703415,T1019,2018-11,NY,Home Health Agency,11874719.0,64368,184.48171451652996,132.2465698924731,457,52.23514462405686,3362271.789161292,0.9101835915463031
1518096411,T2016,2018-05,MA,Case Management Agency,11654402.56,1079,10801.11451343837,7685.823223350254,23,3115.2912900881156,3361399.302005077,1.8641957184100453
1245354000,T2016,2019-08,MA,Case Management Agency,10369096.65,870,11918.501896551725,8055.835863013698,23,3862.6660335380266,3360519.4491780833,1.974769555092387
1396756938,T1015,2018-08,CA,General Acute Care Hospital,4524023.9,4843,934.1366714846171,240.35714285714286,65,693.7795286274742,3359974.2571428576,2.089873007532441
1245354000,T2016,2021-04,MA,Case Management Agency,12203469.66,994,12277.132454728371,8904.86419203747,23,3372.268262690901,3352034.6531147556,1.4784932958349812
1720151046,T1019,2021-10,NY,Home Health Agency,17643656.17,97950,180.12921051556918,145.90740944017563,549,34.22180107539356,3352025.415334799,0.5300540905737473
1699725143,A0100,2019-03,CO,Taxi,9940677.0,280758,35.40656722159297,23.467670454545452,145,11.93889676704752,3351940.7785227275,0.18196579521032394
1720151046,T1019,2021-03,NY,Home Health Agency,17518757.95,100175,174.88153681058148,141.45477169281145,546,33.42676511777003,3348526.195672613,0.29005746063807886
1356709976,T2033,2022-05,TN,Nursing Home,9890356.65,22849,432.85730885377916,286.44854700854705,31,146.4087618452321,3345293.7994017084,0.616467683005919
1679525919,G0463,2024-01,OH,General Acute Care Hospital,6623348.65,53319,124.22117162737486,61.59135593220339,73,62.629815695171466,3339359.1430508476,2.001197672219999
1699725143,A0100,2018-09,CO,Taxi,6881874.08,146942,46.83394863279389,24.136369982547993,123,22.697578650245898,3335227.6020244327,0.38753893074761986
1518096411,T2016,2018-11,MA,Case Management Agency,11407614.23,1135,10050.761436123348,7114.783052391799,23,2935.978383731549,3332335.4655353082,1.766781500674863
1396756938,T1015,2019-01,CA,General Acute Care Hospital,4429287.3,4730,936.4243763213531,232.3718243601059,54,704.0525519612472,3330168.570776699,2.4702162988270877
1184703415,T1019,2023-08,NY,Home Health Agency,11934296.21,52359,227.93208827517716,164.38283088957382,556,63.54925738560334,3327375.567452805,1.6613401518408524
1184703415,T1019,2022-09,NY,Home Health Agency,11792940.28,56867,207.3775701197531,148.90230682670668,557,58.475263293046424,3325312.797685671,1.4980227281021552
1356709976,T2033,2018-04,TN,Nursing Home,9137355.78,29415,310.6359265680775,197.70858034321373,35,112.92734622486375,3321757.8892043675,0.8632167966978502
1720151046,T1019,2023-06,NY,Home Health Agency,16315150.52,78992,206.54180828438322,164.507265625,559,42.03454265938322,3320392.5937499995,0.376167513300497
1720151046,T1019,2023-11,NY,Home Health Agency,15831957.99,75964,208.41395911221105,164.71094382511347,558,43.70301528709757,3319855.8532690797,0.2516338167914671
1356709976,T2033,2018-03,TN,Nursing Home,9414550.93,30646,307.2032542583045,198.97741912720033,36,108.22583513110419,3316688.943427819,0.845140950182516
1720151046,T1019,2022-06,NY,Home Health Agency,16826260.79,92110,182.67572239713385,146.71884310510018,554,35.956879292033676,3311988.151589222,0.8653272692166871
1356709976,T2033,2019-11,TN,Nursing Home,9457569.02,26716,354.00393097769125,230.34644328541376,30,123.6574876922775,3303633.441186886,0.8215205344818685
1184703415,T1019,2024-02,NY,Home Health Agency,12160681.71,52862,230.04581192539067,167.5616746834624,555,62.484137241928266,3303036.462882812,1.376742423467455
1538144910,U0003,2022-01,NC,Clinical Lab,8875643.34,115977,76.52934064512792,48.07692307692308,43,28.452417568204837,3299826.0323076923,1.3878293605874192
1356709976,T2033,2023-02,TN,Nursing Home,9195916.01,19508,471.39204480213243,302.37927413615523,32,169.0127706659772,3297101.1301518832,0.5923954406388683
1720151046,T1019,2023-09,NY,Home Health Agency,15960476.18,76576,208.4266112097785,165.3924764890282,555,43.0341347207503,3295381.900376175,1.1078142533704287
1356709976,T2033,2022-04,TN,Nursing Home,9599548.21,22218,432.06176118462514,283.84821663019693,31,148.2135445544282,3293008.532910286,0.614583438919141
1134250475,T2016,2022-03,MA,Case Management Agency,14998927.08,1249,12008.748662930344,9372.610864553315,23,2636.137798377029,3292536.110172909,0.8762623748976273
1699725143,A0100,2019-07,CO,Taxi,10230073.27,292788,34.9402068049237,23.705484234234234,146,11.234722570689463,3289391.9520270266,0.1031568607140029
1356709976,T2033,2021-09,TN,Nursing Home,10192441.61,23842,427.4994383860414,289.63528368794323,31,137.86415469809816,3286957.1763120564,0.5249968568312751
1356709976,T2033,2020-10,TN,Nursing Home,9565384.62,26596,359.65500902391335,236.0695001769468,30,123.58550884696655,3286880.193293922,0.8386126657652099
1184703415,T1019,2023-05,NY,Home Health Agency,12142060.22,53919,225.19075316678723,164.25771543424656,554,60.93303773254067,3285448.4615008603,0.5473388803241328
1518096411,T2016,2018-09,MA,Case Management Agency,11346901.26,1057,10735.00592242195,7626.8426158038155,23,3108.163306618134,3285328.6150953677,1.8201410733918904
1356709976,T2033,2023-05,TN,Nursing Home,9600267.95,20747,462.73041644575113,304.4310294117647,31,158.29938703398642,3284237.382794116,0.5287689544451093
1356709976,T2033,2023-04,TN,Nursing Home,9462546.41,20342,465.17286451676335,304.1215719063545,31,161.05129261040884,3276105.3942809366,0.5243545608656534
1699725143,A0100,2023-06,CO,Taxi,15911059.41,431841,36.844716944430935,29.261910994764396,129,7.58280594966654,3274566.504109948,-0.11053530999590055
1699725143,A0100,2018-10,CO,Taxi,7496962.87,176432,42.492081198422056,23.96109170305677,125,18.530989495365287,3269459.538646288,0.2886313940568654
1245354000,T2016,2019-11,MA,Case Management Agency,9972418.36,883,11293.792027180067,7595.105164556962,23,3698.6868626231044,3265940.499696201,1.87934598447722
1184703415,T1019,2023-11,NY,Home Health Agency,11859230.83,52187,227.24492363998698,164.71094382511347,558,62.533979814873504,3263460.8045988036,0.391522476835739
1184703415,T1019,2022-10,NY,Home Health Agency,11906416.46,53398,222.97495149631075,161.89589307088707,553,61.07905842542368,3261499.5618007737,1.481051894113527
1184703415,T1019,2022-02,NY,Home Health Agency,11189520.68,54006,207.1903247787283,146.82878797778503,543,60.36153680094327,3259885.1564717423,1.3461716542989453
1720151046,T1019,2023-05,NY,Home Health Agency,16909030.71,83096,203.48790206508136,164.25771543424656,554,39.230186630834794,3259871.588275848,0.3258152968776808
1184703415,T1019,2018-10,NY,Home Health Agency,11681742.32,64252,181.8113415924796,131.0822645099905,457,50.72907708248911,3259444.6607040903,0.9058250987983338
1720151046,T1019,2021-02,NY,Home Health Agency,16109297.55,90608,177.79111723026665,141.83838243631658,540,35.95273479395007,3257605.394210228,0.7023824631556668
1184703415,T1019,2022-03,NY,Home Health Agency,11816494.26,58116,203.32600763989262,147.290398912058,551,56.035608727834614,3256565.4368268363,1.531395157145961
1699725143,A0100,2021-06,CO,Taxi,11543529.6,306702,37.63760784083573,27.020168749027533,98,10.617439091808194,3256389.8043357567,0.13069534865503926
1720151046,T1019,2022-07,NY,Home Health Agency,16787959.58,91014,184.45469466235963,148.70357284409852,554,35.75112181826111,3253852.601167217,0.8908173947059045
1356709976,T2033,2019-02,TN,Nursing Home,9102264.6,26721,340.6408667340294,218.93204697986576,31,121.70881975416361,3252181.372651006,0.7575037727352582
1356709976,T2033,2020-08,TN,Nursing Home,9605203.21,26895,357.13713366796804,236.29667471324905,30,120.840458954719,3250004.1435871674,0.7927870139737201
1538144910,U0003,2021-12,NC,Clinical Lab,9817321.63,119410,82.21523850598778,55.0,41,27.215238505987784,3249771.6300000013,1.2520499269175465
1750504064,T2016,2020-06,MA,Case Management Agency,15338132.92,940,16317.162680851065,12862.479237536656,23,3454.6834433144086,3247402.436715544,2.2922053323724443
1699725143,A0100,2021-08,CO,Taxi,11746557.53,301702,38.93430447925436,28.184040530397798,97,10.75026394885656,3243376.133897922,0.15742028252867526
1356709976,T2033,2020-12,TN,Nursing Home,9416337.0,26354,357.30200349093116,234.39522989075653,30,122.90677360017463,3239085.1114590024,0.8408985201653492
1184703415,T1019,2022-07,NY,Home Health Agency,12149415.58,59932,202.72000901021158,148.70357284409852,554,54.01643616611307,3237313.0523074884,1.4040753993653718
1538144910,U0003,2021-10,NC,Clinical Lab,8783571.46,108645,80.8465319158728,51.14942528735632,29,29.69710662851648,3226442.149655173,1.1669884929150516
1184703415,T1019,2023-10,NY,Home Health Agency,11732244.48,51704,226.91173758316572,164.52783510916282,558,62.383902474002895,3225497.2935158457,1.4201254049176333
1245354000,T2016,2019-09,MA,Case Management Agency,9994742.75,858,11648.884324009325,7893.585040322581,23,3755.2992836867434,3222046.785403226,1.891762746675025
1184703415,T1019,2023-04,NY,Home Health Agency,11859587.22,52494,225.92271916790492,164.5573241013688,550,61.36539506653611,3221315.0486227465,0.5636790735186337
1720151046,T1019,2021-09,NY,Home Health Agency,17138550.7,96419,177.75076177931734,144.34750383435585,549,33.403257944961496,3220708.7277952423,0.7324664196016705
1861506560,99213,2024-02,OH,Other,3978871.12,20802,191.27348908758773,36.5405325443787,1509,154.73295654320904,3218754.9620118346,9.532731505095741
1184703415,T1019,2018-09,NY,Home Health Agency,10738497.21,56998,188.40129846661287,132.0240480961924,453,56.377250370420484,3213390.516613227,1.111576224558035
1134250475,T2016,2020-07,MA,Case Management Agency,13589373.83,1032,13167.997897286821,10055.256243386242,23,3112.741653900579,3212349.3868253976,1.2414337947549727
1720151046,T1019,2024-02,NY,Home Health Agency,14660602.95,68325,214.57157628979144,167.5616746834624,555,47.00990160632904,3211951.5272524315,1.0084317210186282
1518096411,T2016,2020-04,MA,Case Management Agency,12708185.82,837,15183.017706093191,11352.198260869565,23,3830.8194452236257,3206395.875652175,2.150069108821393
1184703415,T1019,2024-03,NY,Home Health Agency,11970230.33,52235,229.1611051976644,168.01469724297863,551,61.14640795468577,3193982.619513011,1.3192460320937502
1356709976,T2033,2020-06,TN,Nursing Home,9393072.79,26511,354.30850552600805,233.88483018867925,31,120.4236753373288,3192552.056867924,0.797543806315479
1720151046,T1019,2022-03,NY,Home Health Agency,17311016.7,95857,180.5920976037222,147.290398912058,551,33.3016986916642,3192200.9314868553,0.8716809991866377
1134260078,A0100,2024-04,MO,Secured Transport,4361267.88,106665,40.887525242581916,11.0,330,29.887525242581916,3187952.88,2.689647053216321
1134250475,T2016,2021-04,MA,Case Management Agency,13466070.86,1155,11658.93580952381,8904.86419203747,23,2754.071617486339,3180952.7181967217,1.1561884051243303
1245354000,T2016,2020-08,MA,Case Management Agency,12015035.11,918,13088.27354030501,9627.269297188755,23,3461.0042431162547,3177201.895180722,1.5052491311648977
1356709976,T2033,2021-03,TN,Nursing Home,9338502.27,26117,357.56412566527547,236.21924451763414,30,121.34488114764133,3169164.2609329484,0.8354979142084548
1184703415,T1019,2023-07,NY,Home Health Agency,11751739.05,51997,226.0080206550378,165.08683929692407,557,60.92118135811373,3167718.6670778394,0.5480575607702108
1750504064,T2016,2024-08,MA,Case Management Agency,9614873.86,708,13580.330310734462,9107.211325,23,4473.118985734462,3166968.241899999,1.9617902765783515
1720151046,T1019,2022-08,NY,Home Health Agency,16983717.59,92328,183.94980493458107,149.66473655789557,553,34.2850683766855,3165471.793082619,0.8764611204701303
1134250475,T2016,2021-05,MA,Case Management Agency,14088135.06,1224,11509.914264705883,8927.487217630855,23,2582.427047075029,3160890.7056198353,1.0130844307354367
1720151046,T1019,2021-11,NY,Home Health Agency,17132989.07,95984,178.49838587681282,145.59509095318944,543,32.90329492362338,3158189.8599490663,0.5164790747827178
1245354000,T2016,2020-10,MA,Case Management Agency,12504826.15,984,12708.156656504065,9499.669675516225,23,3208.48698098784,3157151.1892920346,1.3917391009136386
1356709976,T2033,2021-01,TN,Nursing Home,9375981.26,26336,356.01386922843255,236.2133955025693,30,119.80047372586324,3155065.2760443343,0.8072411438075483
1346974763,H0038,2023-01,AZ,Mental Health Center,4666157.32,17762,262.7044994933003,85.10368897724763,40,177.6008105160527,3154545.5963861276,-0.12576777486076848
1720151046,T1019,2024-10,NY,Home Health Agency,13463559.46,64064,210.1579586038961,160.92179999256064,548,49.23615861133547,3154265.2652765955,1.0603003219361473
1245354000,T2016,2020-07,MA,Case Management Agency,11690745.88,849,13770.01870435807,10055.256243386242,23,3714.7624609718277,3153833.3293650816,1.5426514291593119
1699725143,A0100,2019-06,CO,Taxi,9345749.62,256828,36.38913833382653,24.1474025974026,143,12.24173573642393,3144020.505714285,0.14724793098327602
1073854451,H2016,2019-07,NJ,Day Training/Habilitation,3494486.13,965,3621.2291502590674,369.0967383451899,38,3252.1324119138776,3138307.777496892,1.8635906224742624
1861506560,99213,2024-01,OH,Other,4066206.44,23699,171.5771315245369,39.275,1571,132.3021315245369,3135428.215,8.620137649781377
1184703415,T1019,2022-04,NY,Home Health Agency,11968616.62,59763,200.2680022756555,147.82035555555555,551,52.447646720099954,3134428.7109333337,1.423602166450082
1356709976,T2033,2020-07,TN,Nursing Home,9502864.58,26804,354.53158409192656,237.63204155378332,30,116.89954253814324,3133375.338192391,0.7882723477593582
1720151046,T1019,2024-04,NY,Home Health Agency,15084661.85,70608,213.63955713233628,169.29894878706202,551,44.34060834527426,3130801.674043125,0.6933858306523201
1720151046,T1019,2021-12,NY,Home Health Agency,17252299.93,96447,178.8785543355418,146.44140478668055,545,32.43714954886124,3128465.7625390203,0.6816825440059474
1134250475,T2016,2022-02,MA,Case Management Agency,13361960.58,1203,11107.199152119701,8509.770765957446,23,2597.4283861622553,3124706.3485531933,0.9000528554801344
1518096411,T2016,2018-10,MA,Case Management Agency,11697889.77,1079,10841.417766450417,7946.574048257373,23,2894.843718193044,3123536.3719302947,1.7425706396181726
1245354000,T2016,2019-10,MA,Case Management Agency,10304636.92,882,11683.261814058957,8145.607016129033,23,3537.654797929924,3120211.531774193,1.7809394166950219
1356709976,T2033,2020-09,TN,Nursing Home,9245399.36,25868,357.40680995824954,237.49381194532617,30,119.91299801292337,3101909.4325983017,0.796031365139336
1245354000,T2016,2020-01,MA,Case Management Agency,10601020.78,923,11485.396294691223,8126.2595612009245,23,3359.136733490299,3100483.2050115457,1.7202695958765957
1720151046,T1019,2024-09,NY,Home Health Agency,12965346.25,60547,214.13688952384098,162.95136002478336,546,51.18552949905762,3099130.254579442,0.930082681868368
1720151046,T1019,2022-05,NY,Home Health Agency,16968670.52,94192,180.14980592831662,147.26278523780417,556,32.88702069051246,3097694.2528807493,0.8337345366117808
1346974763,H0015,2023-02,AZ,Mental Health Center,6065444.0,3680,1648.2184782608695,806.5360302640051,26,841.6824479968643,3097391.4086284605,0.06409201159921585
1356709976,T2033,2022-01,TN,Nursing Home,10233712.15,23757,430.76618049417016,300.5485383244207,29,130.21764216974947,3093580.525026738,0.538825131299923
1699725143,A0100,2020-09,CO,Taxi,8926679.17,238788,37.38328211635425,24.434833581718827,111,12.948448534635425,3091934.128688524,0.17284370029784374
1720151046,T1019,2024-08,NY,Home Health Agency,13469049.36,62966,213.90987771178095,164.84464687088055,545,49.0652308409004,3089441.3251281343,0.9444066942516091
1134250475,T2016,2021-03,MA,Case Management Agency,14068331.56,1139,12351.476347673399,9641.817780612244,23,2709.658567061155,3086301.107882655,1.0608983324276031
1245354000,T2016,2019-12,MA,Case Management Agency,10376045.23,987,10512.710466058765,7385.838172839506,23,3126.8722932192586,3086222.953407408,1.6073996492533407
1356709976,T2033,2021-11,TN,Nursing Home,10032397.74,23511,426.7108051550338,295.460568627451,29,131.25023652758284,3085824.311,0.5134776147326594
1720151046,T1019,2024-05,NY,Home Health Agency,15317739.47,71690,213.66633379829824,170.63684673800483,545,43.029487060293405,3084783.927352434,0.9390587494051912
1518096411,T2016,2018-02,MA,Case Management Agency,10488714.47,1018,10303.25586444008,7279.215788336934,23,3024.040076103146,3078472.7974730027,2.0670640514572742
1184703415,T1019,2022-06,NY,Home Health Agency,11326234.51,56231,201.4233164980171,146.71884310510018,554,54.704473392916924,3076087.2433571117,1.3890389075293814
1720151046,T1019,2023-04,NY,Home Health Agency,16046258.51,78828,203.56039110468362,164.5573241013688,550,39.00306700331481,3074533.7657373,0.32959501390140133
1699725143,A0100,2019-01,CO,Taxi,9456472.15,268236,35.25429901280962,23.79385964912281,151,11.46043936368681,3074102.413157895,0.15643950820773347
1356709976,T2033,2022-06,TN,Nursing Home,9459866.95,22135,427.37144567427146,288.55469796905487,32,138.81674770521659,3072708.710454969,0.6082523174234153
1356709976,T2033,2020-02,TN,Nursing Home,9077875.38,26201,346.4705690622496,229.26355851569934,31,117.20701054655024,3070940.8833301626,0.7995135419563839
1699725143,A0100,2019-02,CO,Taxi,9053997.38,258421,35.03584221096583,23.160112576979348,144,11.875729633986484,3068937.927744421,0.1501936504754852
1356709976,T2033,2021-12,TN,Nursing Home,10218193.98,23829,428.8133778169458,300.1317915904936,29,128.68158622645217,3066353.5181901287,0.5382018087944168
1245354000,T2016,2020-09,MA,Case Management Agency,11922179.52,970,12290.906721649484,9133.083119266055,23,3157.823602383429,3063088.894311926,1.381762506998494
1518098359,T1019,2021-10,MA,Case Management Agency,25836370.0,242277,106.63979659645777,94.02967999126255,70,12.610116605195216,3055141.2207568814,-0.2783520625900228
1134260078,A0100,2021-03,MO,Secured Transport,3520731.47,155782,22.600374048349618,3.0163132185267543,56,19.584060829822864,3050844.1641914654,4.120790810355927
1356709976,T2033,2023-06,TN,Nursing Home,9392838.65,20182,465.40673124566445,314.2409736308316,31,151.16575761483284,3050827.3201825563,0.5516398347074134
1518096411,T2016,2018-12,MA,Case Management Agency,11721000.76,1162,10086.919759036144,7463.04976744186,23,2623.8699915942834,3048936.9302325575,1.5690554450487515
1184703415,T1019,2023-02,NY,Home Health Agency,11421303.32,50891,224.42678115973357,164.55878578479764,553,59.86799537493593,3046742.1526258644,0.5851852415392521
1134260078,A0100,2022-02,MO,Secured Transport,3546980.28,167977,21.115868720122396,3.0,48,18.115868720122396,3043049.28,1.939285614777575
1134260078,A0100,2024-03,MO,Secured Transport,4255838.43,110303,38.58316120141791,11.0,317,27.58316120141791,3042505.4299999997,2.5724002841322973
1134250475,T2016,2024-07,MA,Case Management Agency,13599613.01,1171,11613.67464560205,9019.719864253395,23,2593.954781348655,3037521.0489592752,1.0663895692755319
1184703415,T1019,2024-07,NY,Home Health Agency,11676622.85,50956,229.15108819373577,169.5652697017586,546,59.585818491977165,3036254.967077188,1.2447151986619303
1356709976,T2033,2018-02,TN,Nursing Home,8579617.96,27858,307.97680953406564,199.04973086439054,36,108.9270786696751,3034490.557579809,0.8217382538355211
1396756938,T1015,2018-11,CA,General Acute Care Hospital,4001510.8,4272,936.6832397003745,226.62631578947367,51,710.0569239109009,3033363.1789473686,2.5889308053709086
1356709976,T2033,2018-06,TN,Nursing Home,9119525.05,32310,282.25085267718976,188.56820276743528,34,93.68264990975447,3026886.418584167,0.9426934750555448
1184703415,T1019,2024-01,NY,Home Health Agency,11419016.56,50301,227.01370867378384,166.84817117010186,554,60.165537503681975,3026386.701972707,1.3009855275144047
1720151046,T1019,2023-03,NY,Home Health Agency,17067648.19,85113,200.52927508136244,165.02191356982522,548,35.507361511537226,3022138.060331468,0.2924209694240549
1275849283,00003,2018-12,CA,Family Medicine,9330987.68,33059,282.2525690432257,190.86,72,91.3925690432257,3021346.9399999985,0.40608867514748137
1134260078,A0100,2021-06,MO,Secured Transport,3492656.55,157903,22.119000588969175,3.0,55,19.119000588969175,3018947.55,4.3745146870510245
1699725143,A0100,2020-08,CO,Taxi,8425606.97,225925,37.29382303861902,24.00602409638554,107,13.287798942233476,3002045.9760240978,0.152133323928221
1699725143,A0100,2021-09,CO,Taxi,10792888.71,283191,38.111693909764085,27.54110822164433,93,10.570585688119756,2993494.731604322,0.09660748664985687
1184703415,T1019,2024-04,NY,Home Health Agency,11453019.61,49976,229.17039398911476,169.29894878706202,551,59.87144520205274,2992135.345417788,0.9764692277431839
1396756938,T1015,2019-04,CA,General Acute Care Hospital,3992908.8,4273,934.4509244090802,234.8941176470588,59,699.5568067620214,2989206.2352941176,1.7804613710024197
1184703415,T1019,2024-05,NY,Home Health Agency,11787337.71,51568,228.57853145361466,170.63684673800483,545,57.941684715609824,2987936.7974145673,1.301954917602121
1356709976,T2033,2018-05,TN,Nursing Home,9378832.45,33578,279.31480284710227,190.33361788617884,33,88.98118496092343,2987810.228617887,0.7341201744502611
1245354000,T2016,2020-11,MA,Case Management Agency,12057144.38,966,12481.515921325052,9389.724041916168,23,3091.7918794088837,2986670.955508982,1.329021632222839
1396756938,T1015,2018-12,CA,General Acute Care Hospital,3916366.3,4189,934.9167581761757,222.90523809523808,52,712.0115200809375,2982616.2576190475,2.9109000978541486
1134260078,A0100,2024-02,MO,Secured Transport,4320917.49,125786,34.35133870224031,10.685714285714285,305,23.66562441652603,2976804.232857143,2.1393897895345715
1275849283,00003,2019-12,CA,Family Medicine,9797083.12,34289,285.72087608270874,199.03,72,86.69087608270874,2972543.45,0.10915107579422534
